In-Silico PCR Results Count,Sequence Length,Molecular Weight,nmol/A260,Micrograms/A260,Basic Tm,Salt Adjusted Tm,Nearest Neighbor Tm,A_Count,T_Count,G_Count,C_Count,GC Clamp,Self-Annealing,Hairpin Formation,Primer_Valid
1,20,6090.99,5.79,35.29,56,51,65.11,1,7,6,6,1,1,1,1
,20,6039.98,5.18,31.28,54,49,64.7,7,2,3,8,1,1,1,1
1,20,6133.04,5.28,32.38,54,49,65.1,4,5,6,5,1,1,1,1
,20,6039.98,5.18,31.28,54,49,64.7,7,2,3,8,1,1,1,1
1,20,6090.99,5.79,35.29,56,51,65.11,1,7,6,6,1,1,1,1
,20,6039.98,5.18,31.28,54,49,64.7,7,2,3,8,1,1,1,1
1,20,6133.04,5.28,32.38,54,49,65.1,4,5,6,5,1,1,1,1
,20,6039.98,5.18,31.28,54,49,64.7,7,2,3,8,1,1,1,1
1,20,6065.98,5.88,35.66,54,49,64.71,1,8,5,6,1,1,1,1
,20,6039.98,5.18,31.28,54,49,64.7,7,2,3,8,1,1,1,1
1,20,6238.11,5.04,31.46,56,51,64.91,4,4,9,3,1,1,1,1
,20,6240.13,4.85,30.25,54,49,64.42,7,2,8,3,1,1,1,1
1,20,6231.12,4.89,30.5,54,49,64.79,6,3,8,3,1,1,1,1
,20,6240.13,4.85,30.25,54,49,64.42,7,2,8,3,1,1,1,1
1,20,6238.11,5.04,31.46,56,51,64.91,4,4,9,3,1,1,1,1
,20,6118.02,5.35,32.73,56,51,65.63,4,4,6,6,1,1,1,1
1,20,6238.11,5.04,31.46,56,51,64.91,4,4,9,3,1,1,1,1
,20,6077.99,5.43,33.03,56,51,65.63,4,4,5,7,1,1,1,1
1,20,6238.11,5.04,31.46,56,51,64.91,4,4,9,3,1,1,1,1
,20,6305.17,4.62,29.14,56,51,65.76,7,1,10,2,1,1,1,1
1,20,6151.06,5.15,31.69,54,49,64.65,6,3,6,5,1,1,1,1
,20,6120.04,5,30.6,54,49,64.99,7,2,5,6,1,1,1,1
1,20,6151.06,5.15,31.69,54,49,64.65,6,3,6,5,1,1,1,1
,20,6087,5.31,32.29,56,51,65.06,5,3,5,7,1,1,1,1
1,20,6151.06,5.15,31.69,54,49,64.65,6,3,6,5,1,1,1,1
,20,6127.03,5.22,32.01,56,51,65.06,5,3,6,6,1,1,1,1
1,20,6151.06,5.15,31.69,54,49,64.65,6,3,6,5,1,1,1,1
,20,6216.1,4.92,30.56,56,51,65.43,6,2,8,4,1,1,1,1
1,20,6151.06,5.15,31.69,54,49,64.65,6,3,6,5,1,1,1,1
,20,6109.01,5.41,33.08,56,51,65.46,3,5,6,6,1,1,1,1
1,20,6176.07,5.04,31.1,56,51,65.03,6,2,7,5,1,1,1,1
,20,6120.04,4.96,30.36,54,49,64.58,7,2,5,6,1,1,1,1
1,20,6200.1,4.89,30.3,54,49,65.06,7,2,7,4,1,1,1,1
,20,6120.04,4.96,30.36,54,49,64.58,7,2,5,6,1,1,1,1
1,20,6100,5.68,34.62,56,51,64.85,2,6,6,6,1,1,1,1
,20,6012.95,5.56,33.41,54,49,64.68,4,5,3,8,1,1,1,1
1,20,6176.07,5.04,31.1,56,51,65.03,6,2,7,5,1,1,1,1
,20,6184.1,4.81,29.72,52,47,65.05,8,2,6,4,1,1,1,1
1,20,6262.14,4.88,30.58,54,49,65.2,5,4,9,2,1,1,1,1
,20,6120.04,4.96,30.36,54,49,64.58,7,2,5,6,1,1,1,1
1,20,6052.98,5.49,33.2,54,49,65.15,4,5,4,7,1,1,1,1
,20,6093.01,5.36,32.64,54,49,65.05,4,5,5,6,1,1,1,1
1,20,6052.98,5.49,33.2,54,49,65.15,4,5,4,7,1,1,1,1
,20,6093.01,5.3,32.29,54,49,65.04,4,5,5,6,1,1,1,1
1,20,6052.98,5.49,33.2,54,49,65.15,4,5,4,7,1,1,1,1
,20,6030.97,5.42,32.71,54,49,64.66,6,3,3,8,1,1,1,1
1,20,6105.02,5.06,30.86,56,51,65.35,7,1,5,7,1,1,1,1
,20,6099.02,5.4,32.91,52,47,65.16,3,7,5,5,1,1,1,1
1,20,6105.02,5.06,30.86,56,51,65.35,7,1,5,7,1,1,1,1
,20,6030.97,5.42,32.71,54,49,64.66,6,3,3,8,1,1,1,1
1,20,6155.05,5.35,32.95,54,49,65.29,2,7,7,4,1,1,1,1
,20,5923.88,5.74,34.03,54,49,65.56,3,6,1,10,1,1,1,1
1,20,6179.08,5.33,32.96,52,47,64.92,3,7,7,3,1,1,1,1
,20,5923.88,5.74,34.03,54,49,65.56,3,6,1,10,1,1,1,1
1,20,6195.08,5.26,32.61,54,49,65.54,2,7,8,3,1,1,1,1
,20,5923.88,5.74,34.03,54,49,65.56,3,6,1,10,1,1,1,1
1,20,6155.05,5.35,32.95,54,49,65.29,2,7,7,4,1,1,1,1
,20,6127.03,5.17,31.65,56,51,65.74,5,3,6,6,1,1,1,1
1,20,6155.05,5.35,32.95,54,49,65.29,2,7,7,4,1,1,1,1
,20,6127.03,5.19,31.81,56,51,65.76,5,3,6,6,1,1,1,1
1,20,6012.95,5.51,33.15,54,49,64.88,4,5,3,8,1,1,1,1
,20,6065.98,5.87,35.62,54,49,64.59,1,8,5,6,1,1,1,1
1,20,6124.03,5.4,33.08,54,49,65.14,3,6,6,5,1,1,1,1
,20,6102.02,5.27,32.17,54,49,65.23,5,4,5,6,1,1,1,1
1,20,6124.03,5.4,33.08,54,49,65.14,3,6,6,5,1,1,1,1
,20,6102.02,5.27,32.17,54,49,65.23,5,4,5,6,1,1,1,1
1,20,6003.94,5.67,34.04,54,49,64.59,3,6,3,8,1,1,1,1
,20,6065.98,5.87,35.62,54,49,64.59,1,8,5,6,1,1,1,1
1,20,6124.03,5.4,33.08,54,49,65.14,3,6,6,5,1,1,1,1
,20,6084,5.51,33.54,54,49,64.97,3,6,5,6,1,1,1,1
1,20,6093.01,5.32,32.39,54,49,65.2,4,5,5,6,1,1,1,1
,20,6139.05,5.43,33.31,52,47,64.74,3,7,6,4,1,1,1,1
1,20,5997.93,5.57,33.4,56,51,64.61,4,4,3,9,1,1,1,1
,20,6207.09,5.02,31.16,56,51,65.06,5,3,8,4,1,1,1,1
1,20,5997.93,5.57,33.4,56,51,64.61,4,4,3,9,1,1,1,1
,20,6139.05,5.43,33.31,52,47,64.74,3,7,6,4,1,1,1,1
1,20,6176.07,5,30.85,56,51,65.07,6,2,7,5,1,1,1,1
,20,6207.09,5.02,31.16,56,51,65.06,5,3,8,4,1,1,1,1
1,20,6176.07,5,30.85,56,51,65.07,6,2,7,5,1,1,1,1
,20,6139.05,5.43,33.31,52,47,64.74,3,7,6,4,1,1,1,1
1,20,6052.98,5.44,32.91,54,49,64.8,4,5,4,7,1,1,1,1
,20,6149.04,5.4,33.2,56,51,64.77,3,5,7,5,1,1,1,1
1,20,6061.99,5.27,31.97,54,49,64.8,5,4,4,7,1,1,1,1
,20,6149.04,5.4,33.2,56,51,64.77,3,5,7,5,1,1,1,1
1,20,6188.09,5.2,32.16,52,47,64.48,4,6,7,3,1,1,1,1
,20,6149.04,5.4,33.2,56,51,64.77,3,5,7,5,1,1,1,1
1,20,6197.1,5.09,31.57,52,47,64.48,5,5,7,3,1,1,1,1
,20,6149.04,5.4,33.2,56,51,64.77,3,5,7,5,1,1,1,1
1,20,6188.09,5.2,32.16,52,47,64.48,4,6,7,3,1,1,1,1
,20,6258.15,4.64,29.05,54,49,65.3,9,0,8,3,1,1,1,1
1,20,6136.04,5.09,31.24,56,51,64.88,6,2,6,6,1,1,1,1
,20,6027.97,5.49,33.07,52,47,64.7,4,6,3,7,1,1,1,1
1,20,6136.04,5.09,31.24,56,51,64.88,6,2,6,6,1,1,1,1
,20,5963.91,5.77,34.39,54,49,65.33,3,6,2,9,1,1,1,1
1,20,6136.04,5.09,31.24,56,51,64.88,6,2,6,6,1,1,1,1
,20,6126.05,5.07,31.05,52,47,65.18,6,4,5,5,1,1,1,1
1,20,6136.04,5.09,31.24,56,51,64.88,6,2,6,6,1,1,1,1
,20,6003.94,5.68,34.09,54,49,65.34,3,6,3,8,1,1,1,1
1,20,6136.04,5.09,31.24,56,51,64.88,6,2,6,6,1,1,1,1
,20,6126.05,5.12,31.34,52,47,63.96,6,4,5,5,1,1,1,1
1,20,6139.05,5.43,33.31,52,47,64.12,3,7,6,4,1,1,1,1
,22,6725.44,4.77,32.06,53,48,64.54,5,7,5,5,1,1,1,1
1,20,6132.06,5.19,31.81,50,45,63.13,5,6,5,4,1,1,1,1
,21,6406.22,5.03,32.21,54,49,64.38,5,5,5,6,1,1,1,1
1,20,6132.06,5.19,31.81,50,45,63.13,5,6,5,4,1,1,1,1
,21,6446.25,4.89,31.54,54,49,64.38,5,5,6,5,1,1,1,1
1,20,6132.06,5.19,31.81,50,45,63.13,5,6,5,4,1,1,1,1
,21,6437.24,5.05,32.49,54,49,64.38,4,6,6,5,1,1,1,1
1,20,6132.06,5.19,31.81,50,45,63.13,5,6,5,4,1,1,1,1
,21,6406.22,5.05,32.37,54,49,64.39,5,5,5,6,1,1,1,1
1,20,6191.09,4.94,30.57,54,49,65.12,6,3,7,4,1,1,1,1
,20,6274.15,4.68,29.35,56,51,65.11,8,0,9,3,1,1,1,1
1,20,6191.09,4.94,30.57,54,49,65.12,6,3,7,4,1,1,1,1
,20,6234.12,4.74,29.56,56,51,65.11,8,0,8,4,1,1,1,1
1,20,6191.09,4.94,30.57,54,49,65.12,6,3,7,4,1,1,1,1
,20,6265.14,4.8,30.05,56,51,65.11,7,1,9,3,1,1,1,1
1,20,6191.09,4.94,30.57,54,49,65.12,6,3,7,4,1,1,1,1
,20,6115.02,5.57,34.07,54,49,64.7,2,7,6,5,1,1,1,1
1,20,6191.09,4.94,30.57,54,49,65.12,6,3,7,4,1,1,1,1
,20,6124.03,5.4,33.07,54,49,64.7,3,6,6,5,1,1,1,1
1,20,6052.98,5.47,33.09,54,49,64.8,4,5,4,7,1,1,1,1
,20,6137.03,5.73,35.17,54,49,64.91,0,9,7,4,1,1,1,1
1,20,6052.98,5.47,33.09,54,49,64.8,4,5,4,7,1,1,1,1
,20,6186.07,5.46,33.75,54,49,64.92,1,8,8,3,1,1,1,1
1,20,6052.98,5.47,33.09,54,49,64.8,4,5,4,7,1,1,1,1
,20,6146.04,5.59,34.37,54,49,64.92,1,8,7,4,1,1,1,1
1,20,6052.98,5.47,33.09,54,49,64.8,4,5,4,7,1,1,1,1
,20,6068.98,5.61,34.02,56,51,64.76,3,5,5,7,1,1,1,1
1,20,6052.98,5.47,33.09,54,49,64.8,4,5,4,7,1,1,1,1
,20,5968.93,5.2,31.02,54,49,65.29,8,1,1,10,1,1,1,1
1,20,6240.13,4.73,29.49,54,49,64.77,7,2,8,3,1,1,1,1
,20,6124.03,5.39,33.03,54,49,64.26,3,6,6,5,1,1,1,1
1,20,6216.1,4.9,30.47,56,51,64.76,6,2,8,4,1,1,1,1
,20,6124.03,5.39,33.03,54,49,64.26,3,6,6,5,1,1,1,1
1,20,6216.1,4.9,30.47,56,51,64.76,6,2,8,4,1,1,1,1
,20,6124.03,5.39,33.03,54,49,64.26,3,6,6,5,1,1,1,1
1,20,6240.13,4.73,29.49,54,49,64.77,7,2,8,3,1,1,1,1
,20,6133.04,5.25,32.23,54,49,64.66,4,5,6,5,1,1,1,1
1,20,6240.13,4.73,29.49,54,49,64.77,7,2,8,3,1,1,1,1
,20,6093.01,5.37,32.72,54,49,64.66,4,5,5,6,1,1,1,1
1,20,6058,4.97,30.09,54,49,65.26,9,0,3,8,1,1,1,1
,20,6158.05,5.16,31.79,56,51,64.83,4,4,7,5,1,1,1,1
1,20,6058,4.97,30.09,54,49,65.26,9,0,3,8,1,1,1,1
,20,6158.05,5.16,31.79,56,51,64.83,4,4,7,5,1,1,1,1
1,20,6113.05,4.9,29.95,52,47,65.18,9,1,4,6,1,1,1,1
,20,6158.05,5.16,31.79,56,51,64.83,4,4,7,5,1,1,1,1
1,20,6082.03,4.81,29.25,52,47,64.57,10,0,3,7,1,1,1,1
,20,6158.05,5.16,31.79,56,51,64.83,4,4,7,5,1,1,1,1
1,20,6058,4.97,30.09,54,49,65.26,9,0,3,8,1,1,1,1
,20,6149.04,5.3,32.57,56,51,66.11,3,5,7,5,1,1,1,1
1,20,6213.1,5.1,31.68,54,49,64.68,4,5,8,3,1,1,1,1
,20,6265.14,4.73,29.62,56,51,64.61,7,1,9,3,1,1,1,1
1,20,6222.11,4.96,30.83,54,49,64.68,5,4,8,3,1,1,1,1
,20,6265.14,4.73,29.62,56,51,64.61,7,1,9,3,1,1,1,1
1,20,6030.97,5.29,31.93,54,49,65.09,6,3,3,8,1,1,1,1
,20,6265.14,4.73,29.62,56,51,64.61,7,1,9,3,1,1,1,1
1,20,6213.1,5.1,31.68,54,49,64.68,4,5,8,3,1,1,1,1
,20,6305.17,4.63,29.22,56,51,65.88,7,1,10,2,1,1,1,1
1,20,6222.11,4.96,30.83,54,49,64.68,5,4,8,3,1,1,1,1
,20,6305.17,4.63,29.22,56,51,65.88,7,1,10,2,1,1,1,1
1,20,6106.01,5.71,34.85,54,49,64.69,1,8,6,5,1,1,1,1
,20,6140.03,5.46,33.53,56,51,65.31,2,6,7,5,1,1,1,1
1,20,6115.02,5.53,33.8,54,49,64.69,2,7,6,5,1,1,1,1
,20,6140.03,5.46,33.53,56,51,65.31,2,6,7,5,1,1,1,1
1,20,6106.01,5.71,34.85,54,49,64.69,1,8,6,5,1,1,1,1
,20,5979.91,5.88,35.18,56,51,65.07,2,6,3,9,1,1,1,1
1,20,6115.02,5.53,33.8,54,49,64.69,2,7,6,5,1,1,1,1
,20,5979.91,5.88,35.18,56,51,65.07,2,6,3,9,1,1,1,1
1,20,6106.01,5.71,34.85,54,49,64.69,1,8,6,5,1,1,1,1
,20,6131.02,5.65,34.66,56,51,65.04,1,7,7,5,1,1,1,1
1,20,6142.05,5.2,31.94,54,49,64.41,5,4,6,5,1,1,1,1
,21,6412.23,5.11,32.78,52,47,63.95,4,7,5,5,1,1,1,1
1,20,6142.05,5.2,31.94,54,49,64.41,5,4,6,5,1,1,1,1
,21,6388.2,5.32,34,54,49,63.7,3,7,5,6,1,1,1,1
1,20,6142.05,5.2,31.94,54,49,64.41,5,4,6,5,1,1,1,1
,22,6701.41,4.97,33.27,55,50,65.05,4,7,5,6,1,1,1,1
1,20,6142.05,5.2,31.94,54,49,64.41,5,4,6,5,1,1,1,1
,22,6692.4,5.11,34.2,55,50,65.05,3,8,5,6,1,1,1,1
1,20,6142.05,5.2,31.94,54,49,64.41,5,4,6,5,1,1,1,1
,22,6701.41,4.97,33.27,55,50,65.05,4,7,5,6,1,1,1,1
1,20,6120.04,5.05,30.92,54,49,64.72,7,2,5,6,1,1,1,1
,20,6102.02,5.18,31.63,54,49,64.78,5,4,5,6,1,1,1,1
1,20,6120.04,5.05,30.92,54,49,64.72,7,2,5,6,1,1,1,1
,20,5994.93,5.86,35.12,54,49,65.09,2,7,3,8,1,1,1,1
1,20,5939.88,6.01,35.67,56,51,65.16,2,6,2,10,1,1,1,1
,20,6102.02,5.18,31.63,54,49,64.78,5,4,5,6,1,1,1,1
1,20,6278.14,4.98,31.25,56,51,65.14,4,4,10,2,1,1,1,1
,20,6102.02,5.18,31.63,54,49,64.78,5,4,5,6,1,1,1,1
1,20,6058,4.96,30.06,54,49,65.28,9,0,3,8,1,1,1,1
,20,6102.02,5.18,31.63,54,49,64.78,5,4,5,6,1,1,1,1
1,20,6200.1,4.88,30.26,54,49,64.75,7,2,7,4,1,1,1,1
,20,6102.02,5.17,31.53,54,49,64.9,5,4,5,6,1,1,1,1
1,20,6182.08,5.07,31.32,54,49,65.05,5,4,7,4,1,1,1,1
,20,6102.02,5.17,31.53,54,49,64.9,5,4,5,6,1,1,1,1
1,20,6249.14,4.74,29.62,54,49,64.98,8,1,8,3,1,1,1,1
,20,6049.98,5.72,34.63,52,47,64.42,2,8,4,6,1,1,1,1
1,20,6043.97,5.62,33.95,54,49,64.77,3,6,4,7,1,1,1,1
,20,6049.98,5.72,34.63,52,47,64.42,2,8,4,6,1,1,1,1
1,20,6115.02,5.54,33.9,54,49,65.06,2,7,6,5,1,1,1,1
,20,6049.98,5.72,34.63,52,47,64.42,2,8,4,6,1,1,1,1
1,20,6126.05,5.02,30.77,52,47,65.2,6,4,5,5,1,1,1,1
,20,6111.03,5.22,31.89,54,49,64.67,6,3,5,6,1,1,1,1
1,20,6102.02,5.27,32.15,54,49,64.39,5,4,5,6,1,1,1,1
,20,6111.03,5.22,31.89,54,49,64.67,6,3,5,6,1,1,1,1
1,20,5979.91,5.84,34.91,56,51,64.86,2,6,3,9,1,1,1,1
,20,6111.03,5.22,31.89,54,49,64.67,6,3,5,6,1,1,1,1
1,20,5930.87,6.18,36.63,56,51,64.86,1,7,2,10,1,1,1,1
,20,6111.03,5.22,31.89,54,49,64.67,6,3,5,6,1,1,1,1
1,20,6041.95,5.98,36.16,56,51,64.76,0,8,5,7,1,1,1,1
,20,6111.03,5.22,31.89,54,49,64.67,6,3,5,6,1,1,1,1
1,20,6111.03,5.14,31.42,54,49,64.98,6,3,5,6,1,1,1,1
,20,5972.92,5.71,34.11,54,49,64.82,4,5,2,9,1,1,1,1
1,20,6111.03,5.14,31.42,54,49,64.98,6,3,5,6,1,1,1,1
,20,6198.08,5.12,31.75,56,51,64.34,4,4,8,4,1,1,1,1
1,20,6111.03,5.14,31.42,54,49,64.98,6,3,5,6,1,1,1,1
,20,6030.97,5.28,31.86,54,49,65.1,6,3,3,8,1,1,1,1
1,20,6030.97,5.32,32.08,54,49,64.82,6,3,3,8,1,1,1,1
,20,5972.92,5.71,34.11,54,49,64.82,4,5,2,9,1,1,1,1
1,20,6030.97,5.32,32.08,54,49,64.82,6,3,3,8,1,1,1,1
,20,6198.08,5.12,31.75,56,51,64.34,4,4,8,4,1,1,1,1
1,20,5985.92,5.94,35.57,54,49,65.25,1,8,3,8,1,1,1,1
,20,6106.01,5.68,34.67,54,49,65.05,1,8,6,5,1,1,1,1
1,20,6025.95,5.81,34.99,54,49,65.22,1,8,4,7,1,1,1,1
,20,6106.01,5.68,34.67,54,49,65.05,1,8,6,5,1,1,1,1
1,20,5985.92,5.94,35.57,54,49,65.25,1,8,3,8,1,1,1,1
,20,6155.05,5.42,33.38,54,49,64.85,2,7,7,4,1,1,1,1
1,20,5985.92,5.94,35.57,54,49,65.25,1,8,3,8,1,1,1,1
,20,6164.06,5.26,32.43,54,49,64.85,3,6,7,4,1,1,1,1
1,20,6068.98,5.63,34.15,56,51,64.51,3,5,5,7,1,1,1,1
,20,6077.99,5.39,32.78,56,51,65.05,4,4,5,7,1,1,1,1
1,20,6278.14,4.94,30.99,56,51,65.49,4,4,10,2,1,1,1,1
,20,6173.07,5.15,31.8,54,49,65.27,4,5,7,4,1,1,1,1
1,20,6278.14,4.94,30.99,56,51,65.49,4,4,10,2,1,1,1,1
,20,6253.13,5.06,31.65,54,49,65.37,4,5,9,2,1,1,1,1
1,20,6278.14,4.94,30.99,56,51,65.49,4,4,10,2,1,1,1,1
,20,6235.11,5.3,33.02,54,49,65.37,2,7,9,2,1,1,1,1
1,20,6034.96,5.69,34.37,54,49,64.41,2,7,4,7,1,1,1,1
,20,6173.07,5.15,31.8,54,49,65.27,4,5,7,4,1,1,1,1
1,20,6025.95,5.91,35.59,54,49,64.41,1,8,4,7,1,1,1,1
,20,6173.07,5.15,31.8,54,49,65.27,4,5,7,4,1,1,1,1
1,20,6124.03,5.43,33.28,54,49,64.75,3,6,6,5,1,1,1,1
,20,6278.14,4.92,30.87,56,51,64.96,4,4,10,2,1,1,1,1
1,20,6124.03,5.41,33.14,54,49,64.86,3,6,6,5,1,1,1,1
,20,6278.14,4.92,30.87,56,51,64.96,4,4,10,2,1,1,1,1
1,20,6096.01,5.14,31.36,56,51,64.52,6,2,5,7,1,1,1,1
,20,6278.14,4.92,30.87,56,51,64.96,4,4,10,2,1,1,1,1
1,20,6229.1,5.13,31.94,56,51,65.31,3,5,9,3,1,1,1,1
,20,6278.14,4.92,30.87,56,51,64.96,4,4,10,2,1,1,1,1
1,20,6229.1,5.13,31.94,56,51,65.31,3,5,9,3,1,1,1,1
,20,6278.14,4.92,30.87,56,51,64.96,4,4,10,2,1,1,1,1
1,22,6707.42,5.07,34,53,48,63.76,3,9,5,5,1,1,1,1
,20,6133.04,5.37,32.96,54,49,64.7,4,5,6,5,1,1,1,1
1,22,6707.42,5.07,34,53,48,63.76,3,9,5,5,1,1,1,1
,20,5923.88,5.93,35.14,54,49,65.05,3,6,1,10,1,1,1,1
1,22,6707.42,5.07,34,53,48,63.76,3,9,5,5,1,1,1,1
,20,5923.88,5.97,35.35,54,49,65.06,3,6,1,10,1,1,1,1
1,22,6707.42,5.07,34,53,48,63.76,3,9,5,5,1,1,1,1
,20,6290.16,5.12,32.21,52,47,65.41,2,8,10,0,1,1,1,1
1,22,6707.42,5.07,34,53,48,63.76,3,9,5,5,1,1,1,1
,20,6149.04,5.39,33.15,56,51,65.09,3,5,7,5,1,1,1,1
1,20,6052.98,5.44,32.95,54,49,65.22,4,5,4,7,1,1,1,1
,20,6240.13,4.82,30.07,54,49,65.06,7,2,8,3,1,1,1,1
1,20,6052.98,5.44,32.95,54,49,65.22,4,5,4,7,1,1,1,1
,20,6136.04,5.05,30.96,56,51,65.27,6,2,6,6,1,1,1,1
1,20,6061.99,5.33,32.3,54,49,64.97,5,4,4,7,1,1,1,1
,20,6240.13,4.82,30.07,54,49,65.06,7,2,8,3,1,1,1,1
1,20,6061.99,5.33,32.3,54,49,64.97,5,4,4,7,1,1,1,1
,20,6136.04,5.05,30.96,56,51,65.27,6,2,6,6,1,1,1,1
1,20,6095.03,5.05,30.75,52,47,64.88,7,3,4,6,1,1,1,1
,20,6240.13,4.82,30.07,54,49,65.06,7,2,8,3,1,1,1,1
1,20,6311.18,4.75,29.98,54,49,65.59,6,3,10,1,1,1,1,1
,20,6019.94,5.79,34.88,56,51,64.79,2,6,4,8,1,1,1,1
1,20,6311.18,4.75,29.98,54,49,65.59,6,3,10,1,1,1,1,1
,20,5988.92,5.75,34.46,56,51,64.79,3,5,3,9,1,1,1,1
1,20,6195.08,5.37,33.29,54,49,64.7,2,7,8,3,1,1,1,1
,20,6019.94,5.79,34.88,56,51,64.79,2,6,4,8,1,1,1,1
1,20,6195.08,5.37,33.29,54,49,64.7,2,7,8,3,1,1,1,1
,20,5988.92,5.75,34.46,56,51,64.79,3,5,3,9,1,1,1,1
1,20,6311.18,4.75,29.98,54,49,65.59,6,3,10,1,1,1,1,1
,20,6003.94,5.69,34.15,54,49,65.1,3,6,3,8,1,1,1,1
1,20,6158.05,5.22,32.14,56,51,65.03,4,4,7,5,1,1,1,1
,20,6043.97,5.64,34.09,54,49,65.05,3,6,4,7,1,1,1,1
1,20,6244.12,5.09,31.79,54,49,65.09,3,6,9,2,1,1,1,1
,20,6043.97,5.64,34.09,54,49,65.05,3,6,4,7,1,1,1,1
1,20,6253.13,4.99,31.22,54,49,65.09,4,5,9,2,1,1,1,1
,20,6043.97,5.64,34.09,54,49,65.05,3,6,4,7,1,1,1,1
1,20,6207.09,4.98,30.9,56,51,64.75,5,3,8,4,1,1,1,1
,20,6043.97,5.64,34.09,54,49,65.05,3,6,4,7,1,1,1,1
1,20,6118.02,5.31,32.51,56,51,64.75,4,4,6,6,1,1,1,1
,20,6043.97,5.64,34.09,54,49,65.05,3,6,4,7,1,1,1,1
1,20,5966.91,5.52,32.91,56,51,65.45,5,3,2,10,1,1,1,1
,20,6189.07,5.23,32.35,56,51,64.8,3,5,8,4,1,1,1,1
1,20,5990.94,5.37,32.17,54,49,65.21,6,3,2,9,1,1,1,1
,20,6189.07,5.23,32.35,56,51,64.8,3,5,8,4,1,1,1,1
1,20,6136.04,5.05,31.01,56,51,65.17,6,2,6,6,1,1,1,1
,20,6189.07,5.23,32.35,56,51,64.8,3,5,8,4,1,1,1,1
1,20,6096.01,5.13,31.26,56,51,65.17,6,2,5,7,1,1,1,1
,20,6189.07,5.23,32.35,56,51,64.8,3,5,8,4,1,1,1,1
1,20,5966.91,5.52,32.91,56,51,65.45,5,3,2,10,1,1,1,1
,20,6034.96,5.85,35.33,54,49,65,2,7,4,7,1,1,1,1
1,20,6155.05,5.54,34.08,54,49,64.83,2,7,7,4,1,1,1,1
,20,6071,5.17,31.37,54,49,65.33,6,3,4,7,1,1,1,1
1,20,6155.05,5.54,34.08,54,49,64.83,2,7,7,4,1,1,1,1
,20,6030.97,5.29,31.91,54,49,65.33,6,3,3,8,1,1,1,1
1,20,6155.05,5.54,34.08,54,49,64.83,2,7,7,4,1,1,1,1
,20,5963.91,5.8,34.61,54,49,65.05,3,6,2,9,1,1,1,1
1,20,6155.05,5.54,34.08,54,49,64.83,2,7,7,4,1,1,1,1
,20,5994.93,5.9,35.39,54,49,64.73,2,7,3,8,1,1,1,1
1,20,6209.11,4.84,30.02,54,49,64.62,8,1,7,4,1,1,1,1
,20,6071,5.17,31.37,54,49,65.33,6,3,4,7,1,1,1,1
1,20,6077.01,5.37,32.64,52,47,64.23,5,5,4,6,1,1,1,1
,20,6086.02,5.18,31.55,52,47,64.48,6,4,4,6,1,1,1,1
1,20,6077.01,5.37,32.64,52,47,64.23,5,5,4,6,1,1,1,1
,20,6222.11,4.98,30.96,54,49,65.4,5,4,8,3,1,1,1,1
1,20,6077.01,5.37,32.64,52,47,64.23,5,5,4,6,1,1,1,1
,20,6133.04,5.32,32.61,54,49,65.26,4,5,6,5,1,1,1,1
1,20,6077.01,5.37,32.64,52,47,64.23,5,5,4,6,1,1,1,1
,20,6071,5.25,31.9,54,49,64.15,6,3,4,7,1,1,1,1
1,20,6095.03,5.13,31.27,52,47,64.07,7,3,4,6,1,1,1,1
,20,6222.11,4.98,30.96,54,49,65.4,5,4,8,3,1,1,1,1
1,21.285337365095767,6167.494030183388,4.737059375512665,31.342142987247968,53.93657484443946,46.558750636085136,63.876400337459735,4.723870323045713,7.694647525434213,3.9319307237070182,3.438074078530283,0,0,0,0
1,20.366519993103793,6297.969419341649,5.635759079340895,33.69003929961232,54.063359941471866,48.456812312993556,63.61843738966123,2.8731501565573705,7.165811604389069,6.574814582944615,7.8863889504540765,0,0,0,0
1,20.401359108565767,6694.799541393359,5.286233248330664,31.360815767884315,54.71971298923158,47.09625792691731,63.53994776770689,8.420691279,0.092952402,6.685634032249165,4.813660347863116,0,0,0,0
1,20.613107597193427,5975.766707939704,5.196972808905002,32.92709760864768,55.36911767202305,50.74935069894653,65.98332565558982,2.215977938238254,7.9658162252047955,9.801155051,4.41175469,0,0,0,0
1,20.41344342,6325.644624,5.088723013,36.035153162700276,54.20170621640486,46.16391455354307,64.02564956941275,3.1784626472767794,4.1029613444315824,2.6250449220130356,1.9727602184166393,0,0,0,0
1,20.230500171484614,6245.2228125899965,5.049858834977763,34.56240903998606,53.72884156,48.264911474753134,63.276871059203316,0.6025579702241535,4.515939888523665,3.701558013291706,1.441787082,0,0,0,0
1,21.564206338907667,6143.677891100086,5.260386025420956,30.73941304827072,51.288787501805096,45.86535637416656,65.89277993604819,6.916036617246998,3.9794614592245114,6.734780607966146,1.7721242871124487,0,0,0,0
1,20.91429762012688,6023.821464,5.332535854,34.03128873995995,55.19094676691289,50.70315383270398,65.83762601006056,8.603563327626679,6.919930688424868,4.166857837,1.5223857101548077,0,0,0,0
1,20.629887691088445,6261.900185636875,5.828322560832888,34.34198520454213,51.33549609185553,46.162131846145535,64.73989326888639,8.528608345550172,8.551535714,5.753026551300928,4.824913405361315,0,0,0,0
1,20.636662595968566,6310.581925361213,5.005128127487635,33.02628070665706,50.04207962124746,45.295034212423445,63.91996825035857,9.258165568374263,6.2592301443699405,9.994358406226214,1.3401436817337986,0,0,0,0
1,21.27180982542999,6177.756747406628,4.977020952511274,30.736613962059998,52.90641527686235,46.54899910126295,63.33403670226567,7.202647837,8.014654078445737,8.201542102,3.233093022367284,0,0,0,0
1,20.288073872958837,6623.117357858481,4.869650312547172,32.18970102409313,52.348188822356306,46.32636406238888,64.60414998778027,2.6939040930132894,0.7799062782443498,7.50975291,8.256234475998662,0,0,0,0
1,20.060058489211883,5939.766193,5.778606422846553,33.26583229241488,50.458593741695296,46.47815296242121,63.95189586724732,1.581847735543661,7.254364747979261,5.898055856591187,7.023461125285672,0,0,0,0
1,20.225836084064586,6565.265099254445,5.737769448,31.319400531491414,54.07822949,49.28384282677956,66.05568895888035,2.748858435193214,6.254411678079489,5.7734188083715745,4.719015637270607,0,0,0,0
1,20.383354124236043,6434.066805189663,5.6244504153060255,29.18661808152199,52.34151568,50.34899082531019,65.20215866656771,1.1673599559942216,5.038446274463105,8.087848312421848,7.154426312818275,0,0,0,0
1,21.421103172108314,6393.730045565579,4.689980845673478,34.05764391819151,55.67106330641582,48.67318127618224,63.91719275019931,5.455161721421856,7.158276325,1.6407380077789369,1.9569766452530835,0,0,0,0
1,21.729960742297642,6164.367291412613,4.9089270876586255,34.72590565917438,52.161735000011994,46.275656182954926,63.19710818925821,4.876328792770614,3.8369788978582022,7.825125868551353,6.084373449975685,0,0,0,0
1,21.726417123972656,6658.015645,5.823408481246633,30.857984961518852,50.08964011901318,46.56325718221916,65.25208568856998,1.3181319886580645,0.2519007688067758,4.767523560042138,5.359726253579097,0,0,0,0
1,20.475454008948507,6703.177492799708,6.140412241375582,33.701253178208844,50.93791356425898,50.43241622564386,65.10004218962092,0.9207219254679833,5.041334157497659,5.740588847890115,2.6249120988502916,0,0,0,0
1,20.192252060671066,6723.926966743916,5.6740399271194395,33.775427827907066,55.36585987509339,47.036881846301696,65.01235141074395,3.689195119197949,0.3731875667533806,4.742005201265129,2.0927656025025176,0,0,0,0
1,21.577347004588383,6343.564571092167,5.271743144102063,31.38748113011743,54.94731752533756,47.20123612,65.26878677167316,0.925842802,3.8384260311729443,8.539013715585645,9.615454754583679,0,0,0,0
1,20.30657451080612,6580.521904077855,4.917456065147069,32.01671815,52.90214732356689,45.29100096625567,64.49819783,6.185203659756034,4.019229543410484,4.540326353587419,7.585470300336928,0,0,0,0
1,21.069655825202762,6138.696849953329,5.691242297004693,33.492538533298614,52.96298101856338,47.849085639766706,64.55827255873383,4.632071763815432,3.545215497235422,1.2473207402209812,5.770782710815983,0,0,0,0
1,20.63364060179139,6365.815502448693,5.082515992008719,36.449866873646585,53.779770006821956,46.01498981442497,63.692238752554374,8.892063067767777,3.4637291505800185,7.577761622774117,5.819859531,0,0,0,0
1,21.085872838171273,6234.137617755748,4.731603604711925,36.40190379492459,55.10403531,47.43949937793423,65.33096003,5.333444954793039,2.807058122657141,7.105059425033862,5.143700937,0,0,0,0
1,20.45267205955926,6427.8972540350105,4.908067229308654,35.28670642726379,54.87308388308327,48.20368036694897,65.61958950581433,2.551027195603562,7.046705622663233,7.3448754129870615,0.5748351539045238,0,0,0,0
1,20.959477339981387,6643.560910022935,5.6569494763569175,30.015959250666306,52.92605201939697,46.16419868178577,65.19204207609002,1.0996548273460816,1.3457401144487737,9.208872718532708,7.186974033610798,0,0,0,0
1,21.362698895646176,6422.477496118396,5.553008031858264,34.60715660545504,51.64182185686627,50.058498689747616,63.33121314373576,4.022524784227032,2.587246809272376,8.654141449800484,0.8357135994221221,0,0,0,0
1,20.721775879560138,6454.707825734257,4.934434459268497,29.731029750740756,50.153128402944475,47.56185458168218,63.861524105534556,6.945876188762555,3.785526763039698,9.943744338509905,2.202860568507682,0,0,0,0
1,21.924002218297478,6447.109764686425,5.954281029197807,31.512925503040837,52.61290957343249,50.38228948,64.06352452742757,0.7041801017393845,5.0955854192440855,7.057227168766265,5.399265353376577,0,0,0,0
1,21.70896109217706,6534.782953014595,5.727786894450977,33.38765711721402,52.064153508777956,45.04231076,63.86059851881273,4.433038166074777,2.6225193559510913,3.093823585867304,4.653296285929937,0,0,0,0
1,21.417078491183503,6580.423090535967,4.9540064798660834,31.803362700139523,51.030337179027384,48.27273674330878,64.08442396349045,7.544826972501659,6.922576688034377,1.4893092791490352,8.051244805885021,0,0,0,0
1,21.584282803186305,6360.051098180439,5.957039715055362,30.302328974932863,54.88071148464021,49.51152769112397,65.64604055853056,3.2054398425286834,6.6618854368701355,9.539711476536839,6.825478958528674,0,0,0,0
1,21.770519886611766,6382.018986509063,5.328372892935829,32.57762024223506,55.90111915144246,49.93435818290911,63.37296783832455,3.2422662826238016,7.927512630414232,2.547080494344144,4.393861832968574,0,0,0,0
1,21.824314791795967,6117.998098882344,5.269536071498279,34.02032336677434,51.55217692764479,49.53069451910134,63.55278722836334,2.690901941041143,2.718325408217104,7.792298718887997,0.24574316806183383,0,0,0,0
1,20.41378409167981,6409.113675364028,4.846744983481887,34.54700356844299,50.76292869615591,45.239574085731746,63.330864128284816,7.058827670153708,6.078119104582703,7.692241206777416,3.9602370395371924,0,0,0,0
1,21.828490783584048,6355.203097254932,4.948176023648886,30.271948464546316,52.9241884,48.933027601207954,64.54816335108687,5.027824544,4.198607711360201,5.357264768973878,2.454890089619204,0,0,0,0
1,21.13151581261341,6136.118003680882,6.145335417343265,33.87147988976507,51.73881794754759,45.479118638055354,63.46236742951134,7.399296819445313,1.2231669110759822,4.900788897469701,4.695444928,0,0,0,0
1,20.095819437212793,6614.577697048753,4.763689459718449,32.78960443082702,54.180782505271836,47.242550095667596,64.03659357088895,5.460761595803666,7.2259141401813185,7.094234336967835,6.885638215519424,0,0,0,0
1,21.168594525490967,6652.268274471035,4.949685162613494,32.05526230354099,53.45669053959678,45.98667374415773,63.662372221500654,2.648374372119451,7.754361365759169,4.920674060845058,9.706503997,0,0,0,0
1,21.988285381786966,6145.674297387225,5.818445189,30.273912236104753,50.51390370783077,49.31274834215627,63.985285947736436,6.598656852,4.268908739307426,2.652463692297566,1.8743603037644618,0,0,0,0
1,21.16566571222431,6551.541859041001,4.6582276722527745,32.553073178854376,54.194659289426326,48.06363854506951,65.63322284,9.252773685,1.6260037345734493,5.108061670976322,5.723469985,0,0,0,0
1,21.267297419551465,6402.891493221897,5.737031133274966,35.04010782041319,52.289341396298866,45.42575143,64.60217206148079,7.577104471053629,8.438654649710106,5.031468325817603,1.954541979152028,0,0,0,0
1,21.886671919410837,6379.013533495108,5.710197649129489,31.63253604854862,53.14381524595221,47.27448104137715,65.19972187959445,6.088130924072004,1.1147115533641618,1.0692144536300086,9.637932498274711,0,0,0,0
1,21.822314377836832,6239.588652010245,6.073069950379076,32.836527105224796,50.336377484042245,49.136522442359265,65.88050566682062,3.672370788,3.6644656319225763,7.956724448287913,9.963810282377537,0,0,0,0
1,21.587062938438187,6694.174251246598,6.073038865333955,29.72312287891088,54.97519306604117,46.18175227855341,63.47068135673182,8.378474351617376,7.543392944019253,3.1481730405956756,8.336409354929767,0,0,0,0
1,21.903780861912708,6633.164125781155,5.3078197869634085,31.101098050654905,51.11450618179626,46.00550574128884,65.8267174,7.223895025578345,0.019587041513968284,1.3580896203913833,9.606749380762642,0,0,0,0
1,20.837434210195532,6402.249195739624,5.497383270618144,34.92497180686224,51.79918693666598,49.11591579915135,66.08290951855675,0.3802150964172124,7.980885981015656,3.421325495,8.921220409205677,0,0,0,0
1,21.56662846245956,6269.212120503046,5.681693063642308,36.357832903102675,53.91374547864341,50.109027873500196,63.32695275295299,7.858667586,6.648332317621409,4.931498467785551,2.4309301941593944,0,0,0,0
1,20.363757097646907,6218.069853521335,6.111364281295501,31.67168600005327,54.52100070004407,45.30105331949774,65.26872154729398,0.9729775167493337,3.054393314951473,3.867919373952799,6.141144323,0,0,0,0
1,20.837445553991465,6384.932297193832,4.813319773454105,35.948512484488646,54.08171943051549,46.830661323519905,63.625295237749874,3.2433336639703123,2.9019144594065094,8.805701454459458,4.442002293,0,0,0,0
1,20.69538915056059,6104.222302470218,5.049603529497994,32.671540900410115,53.361644556435344,48.07109530039947,63.54017124037402,9.231795822258318,5.943622857216753,3.9338173176630846,1.2940534790158975,0,0,0,0
1,20.326709435678488,6371.753109721416,5.6991364269465805,36.14903349051333,50.04524261820523,50.77817501524111,65.37710293502008,6.3959354886637945,5.375837486674502,7.116189894,6.668043693207851,0,0,0,0
1,20.95963567065529,6449.274374365985,5.864478788357289,31.016262952035753,52.06317274053595,50.81404575507372,63.24979525798968,8.904947292528787,5.995797940421803,6.512206633497232,0.6435671895858741,0,0,0,0
1,20.054724692494236,6347.526309649905,5.634236809230552,30.63375523652522,54.102622870654365,50.45377796,63.31432829025648,5.522292873,4.193727094695442,4.108891689531848,3.234180034271199,0,0,0,0
1,20.51335053,6399.464759269263,5.951037172060601,34.03744789522774,50.514634239671636,46.08036268179491,65.76406372,8.250547149003209,7.570782022615954,2.405703566135591,9.416062019631031,0,0,0,0
1,21.21946505487279,6229.047191,6.0367782944753685,32.16955416395375,55.855427,46.030676126394475,66.09150561624627,7.461185022710065,8.219128476006519,6.979157877614358,8.781158997328886,0,0,0,0
1,20.90843006028852,6647.690753119877,4.857082821673042,30.60750504683602,51.63978011677987,45.84731707,64.03413946,5.417736144,7.992050177922391,8.542763655,5.321470569663283,0,0,0,0
1,21.850915336091884,6311.596851078434,5.076881937933159,33.45285975019528,51.62942818133472,45.40287660954061,64.32161502214218,5.373161406,7.635334599168737,9.880114125388875,7.2773886003000126,0,0,0,0
1,21.95978654469343,6570.962048611605,5.554929395417228,30.75198823956758,51.50618241212367,50.38119124078909,63.290562439766795,8.125006602032744,5.365262578218034,8.547765961750702,7.861818298791512,0,0,0,0
1,20.243291121663148,6016.630097969606,4.722072136949982,29.423064862072078,53.48667888710717,47.16040936,65.76038597043724,4.044097626840463,6.868414956628121,6.131931281925672,1.5423307348301951,0,0,0,0
1,20.843654986121265,6237.967169773291,5.624050309,33.11765942836087,52.00379958085133,48.13110453823618,63.88061581752125,2.1834485433316617,6.746680137781398,3.764406628289207,0.9375293154899489,0,0,0,0
1,21.446687586837644,6300.369723294567,5.464819057851409,36.15773182562468,55.553581228430076,46.289076911426996,64.68663880805238,0.8633572070636641,1.9594787081288612,4.167107404812902,8.252840420023368,0,0,0,0
1,20.231625641479866,6404.046712026188,5.361669724284479,31.68127594119658,54.33528932581291,48.81566324357721,64.42463554182441,3.227124060624255,1.096797798430929,6.171028608229939,8.773652914641684,0,0,0,0
1,20.83234870058949,6272.870416685113,5.606854185404574,34.043670932601756,50.97107227256741,50.76397814023572,65.99283757488898,8.956293268226986,7.404571050407361,8.271045912778723,1.3356570108813415e-05,0,0,0,0
1,21.403142661779317,6626.485744234314,6.162088198993414,31.572356528771333,50.398841640408776,45.94932848517427,63.95058282820618,2.620922059309186,2.5032965432728034,4.748026261240584,9.03272732,0,0,0,0
1,21.133781159963377,6415.000392,5.143199773664493,33.65110997938084,52.89664328995827,46.50378503467494,65.18273302936107,2.9852995081272993,3.4524184433939475,4.375676472492462,4.435221805807147,0,0,0,0
1,20.984916650288174,6283.046974,5.550952598315768,35.25488360849838,52.62959387342317,49.183800835256584,64.86727935,8.875279823,0.13940437387427673,9.573821574313312,3.886547820316232,0,0,0,0
1,21.146164370307908,6694.287739006464,4.945412882696688,34.89093049321369,51.94034776328819,48.02847215413242,65.34578312569288,5.354685276772848,2.041619545971729,1.024920208617044,5.141935386446058,0,0,0,0
1,21.57056709247218,6075.132841854198,6.161321692414962,36.62024126492374,55.68956160164151,46.88205346725136,66.05370312114087,7.664041639894208,4.0855438240650015,7.249500091267303,3.312357849617099,0,0,0,0
1,21.114729085758082,6657.593394,5.199380022976436,36.03859612,53.62951784684896,50.31104374298433,64.01855140086677,0.5236244827369263,7.097837620097844,1.3149993704311542,5.629529571009666,0,0,0,0
1,21.454425666161793,6418.8681304628535,5.985785416395051,31.53566338961939,53.31377200834675,46.396142443856476,65.81305852972666,1.3787744577688388,4.757522047652958,8.274898945,8.200797015583504,0,0,0,0
1,20.35952490667339,6145.702766,4.792863429584036,29.866137317036674,54.33310966501159,46.54408357526983,63.88916998888512,4.4419460024635695,5.815697055437617,1.0529535130031475,9.525268599,0,0,0,0
1,21.104860625057597,6706.304007271996,5.537740309884943,33.65929083881918,50.81189931233757,46.64116132318287,63.40176270605133,3.359990813814483,4.025368744287062,2.6052081073606024,7.641134594965289,0,0,0,0
1,20.29865936526553,6699.311945717209,4.739653789495699,36.175174747596785,55.591385323447085,47.03956105366792,64.78225257098867,7.413763655171589,5.451223910884358,6.606938248756233,1.0746662585236966,0,0,0,0
1,21.083759056997486,5950.654229,5.132891153761894,29.128743549818306,54.03062704592443,49.29636324461533,64.26422183406993,9.194214533868704,4.789069385819363,2.3403531163633144,0.1665651912195032,0,0,0,0
1,20.050946811755065,6501.864944,5.807994877013417,33.75518979621634,51.351708747460656,45.44828843231107,64.74207501,5.784309706,0.9662311215751658,2.2419089599948228,9.551530064,0,0,0,0
1,21.829029478387547,6044.981849276844,4.785149753051582,35.064775312449235,51.44343055077197,50.590665303226004,63.45458826566896,0.8032109833341394,5.606642770941343,1.5762872941136334,2.3636550480530225,0,0,0,0
1,20.251378952586812,5995.157614407655,5.739161460503247,34.86274237331905,54.227517825860716,45.859563794211226,63.28049481662735,3.281726232256632,5.5927956700004025,9.916494959048512,9.882904596886657,0,0,0,0
1,21.526960772830453,6211.638371216722,4.933202242384721,33.51791546750438,54.34812190691589,49.483014496848206,64.64521934945934,2.118705099371968,7.559310615200159,4.196274495494764,8.416999207636454,0,0,0,0
1,21.453469750742947,6553.337571032893,6.122189289,32.423799363414844,51.01938266276055,45.57525096633586,64.39623865357984,1.8177797205766921,4.334901734072817,7.377808136498346,7.12103961,0,0,0,0
1,20.827502037241555,6650.7729728642025,4.974870556908149,32.57459009122632,55.62793022679646,47.611820182423564,64.57913921,0.6161642523270261,2.4083574594020645,4.088078978947636,7.163151947,0,0,0,0
1,21.493635622182747,6674.044739057384,5.498120655,32.42448441364166,50.640444716779676,49.17690342504863,64.49963222158316,7.371194997814486,0.2932078939801879,7.011811323689266,2.943261037,0,0,0,0
1,20.24440818301611,6034.453297991168,5.447779688936775,31.64984692,52.72179163055116,45.41306342203461,64.82836045945315,9.041168927,5.184158294452684,8.065228078174808,8.587248070006236,0,0,0,0
1,20.700887155001286,6321.9240392158035,4.963727867445384,34.053857140304636,53.282889851894836,46.11011004244058,63.58389822137478,1.0385599117588018,7.379953470755591,2.8326761127777527,7.512141543633146,0,0,0,0
1,20.718324489605603,6355.041332430288,5.472837074129777,34.40519688,53.71256368943061,45.84228770789764,65.79169832908218,4.777228962457862,6.510718569570264,3.7787319649758975,5.972138302,0,0,0,0
1,21.40909032189304,6094.430823251603,5.507071512016059,34.62840204321221,51.40565412969307,47.05761794173217,64.37283020848523,2.0614213824646566,3.482492342044823,6.409144503,7.207940343844986,0,0,0,0
1,21.44171764259049,6676.396964054938,6.006367797935999,29.314077026512997,52.29856093420376,47.86094862754764,63.857583737024335,7.241506692882727,8.473147282703765,3.067334739,8.885110437,0,0,0,0
1,21.92220239220876,6002.622314027548,5.031558329505669,35.60295897278765,54.99235082453084,45.951540100234546,65.63196981996403,6.588380618,7.303488512314753,6.883065235693796,8.082962162926341,0,0,0,0
1,21.44951103206195,6319.765167999109,5.550521014552158,34.05033390669186,51.12003676811761,46.000919695632874,63.818924005367435,4.714536508571092,3.938793706311527,7.528116432388502,2.767390740559348,0,0,0,0
1,20.60533275124499,6221.650996869833,4.745693712550024,34.50039632555014,50.00954962359856,45.881353356649505,64.44783725437878,4.721513705693261,2.0008232377551423,1.7511305089575777,5.464103026848674,0,0,0,0
1,21.577647791186845,6409.106409,5.885117864339614,35.639269445924924,51.86204777,47.06478786584209,64.00760900308387,5.031374413677972,2.977737858,9.397798955651323,7.8900328304633485,0,0,0,0
1,21.601964025395848,6706.933038400206,5.939886646247826,34.12297022,50.75635255,48.32181554188317,63.41830509,1.1543761966003707,5.281141341573676,8.317983873933745,1.4024152986777694,0,0,0,0
1,21.060758835583762,6691.061931171397,6.141273832980727,35.91529349653305,53.10086071466401,49.31677086536996,65.69452204835771,9.203964384190561,2.2983494362820767,5.010818260286911,4.719220304060412,0,0,0,0
1,20.850501631335316,5929.487614627833,5.704640357467401,29.766734226566715,55.46808746978594,47.76407059697963,65.12391073716775,4.738774367811668,8.193073414836196,8.546296925572829,1.5761088804279588,0,0,0,0
1,21.71850025508631,6341.1629167999645,5.531632920261047,33.555067463468134,50.77828227784656,46.19258895056716,64.91535502823955,0.2837885778401894,5.721384256543619,5.613836030487695,4.749795510948572,0,0,0,0
1,21.027138382751154,6215.317144,4.894467397023044,29.923145934424003,53.2327843,48.88958451400968,63.88202608189931,9.329182373644318,0.4272195849906052,8.203344226,0.5864292802225468,0,0,0,0
1,20.907196607675655,6474.408946252133,5.482214399362329,31.638483633174022,55.952068467681244,47.13873427370812,64.54273299187841,4.743815377059616,1.507576538,9.011775603590305,3.870256134569842,0,0,0,0
1,21.750650175100002,6070.188171716959,4.667074273695123,31.277222903604454,55.44589706,47.425772958001026,64.60498101888865,5.219607159644974,7.635231724959001,6.6355987979816105,5.376088764471204,0,0,0,0
1,20.820909704728507,6707.4405457319435,4.862144892291281,29.84074844174737,54.47869630297518,48.49196983,64.47688769325715,1.189539513022435,4.692538701314143,8.183657482906641,2.28769841,0,0,0,0
1,20.7695051,6620.561914055624,5.257718110572252,36.32834422923021,52.38521802777436,45.964977294490694,66.10078502730387,3.338206608757041,6.402876142559685,6.7691949070014505,8.512169734,0,0,0,0
1,20.58216631245112,6394.9703458737795,5.585280024512305,29.30403454479326,55.01109730941551,48.61394994132938,65.71139452729224,2.1436925991198263,3.7802330452276878,8.412271801105812,2.440667357517171,0,0,0,0
1,20.600572711426757,6312.483397636256,4.654634649188801,33.94498824270848,51.09963928035397,50.24906298,64.58131061076502,4.2110498941600785,1.7239542764761062,9.912832222966097,4.960265576241466,0,0,0,0
1,21.41684945589042,6081.965754217267,5.4316986288046625,30.86850681093229,51.13038488526502,49.70821721378329,64.62016429789936,2.47082582,2.9601979916412713,7.030860602234155,0.6966362204061027,0,0,0,0
1,20.97959208096263,6527.4723538538055,5.848777735791445,30.649936980348564,55.955560891804595,47.91178702401866,64.52466972474987,0.5627452016093204,5.516679643849636,1.0070074015366455,8.414952619608894,0,0,0,0
1,21.826915887980878,6251.470754429588,6.169169857161256,30.35914884304617,53.297093398951894,48.105243406751924,63.70687687855552,5.041428774,2.350718421967223,4.135018163043426,9.692287803001268,0,0,0,0
1,21.47992426766754,6334.634186173125,4.916324762614719,34.34427901890416,55.945670435518906,50.59763618638959,65.42106553507246,0.8942294790147709,7.200856114547101,9.491487197905144,8.007693925,0,0,0,0
1,21.028209363726145,6470.655604970394,4.943471252940122,34.78443913969006,54.88284384413855,46.80143596508455,64.55426060638942,7.346232059899092,5.424174159292912,8.240329289188889,2.6112385440146024,0,0,0,0
1,20.097799345325704,6364.227168,5.269157294910183,36.38183298004008,55.173325440042014,48.61803602799548,65.07794039132835,0.3333669921855442,5.069932099988513,8.307601256950234,1.8574821264069907,0,0,0,0
1,21.343209998763825,6005.818759210181,6.047513353438056,32.17229297177423,53.9120443,48.369879271646326,64.651712,0.8745397306631053,7.781195020548676,7.379515290379431,2.6718027852874493,0,0,0,0
1,20.914684215174944,6176.064342759646,5.230904122080407,35.42916211773635,53.30507610458316,47.294957286198816,63.88866663671388,5.747768653825118,8.243982730867957,4.747366446195366,2.1805020446677146,0,0,0,0
1,21.537155897445185,6596.311519094814,5.882191036667027,32.95909576415035,53.84683248506571,50.73723489416919,65.02442935132414,0.3341234336964005,3.9383336177625248,8.411077057,9.562707268072652,0,0,0,0
1,21.98748507277348,6189.138605078947,6.065172644487195,30.49875800948531,53.88395657745748,49.05943821263315,64.66376158515162,0.43773318339587197,5.095076498826462,9.921139647116782,5.995361574730181,0,0,0,0
1,21.162494068856027,6719.094113650284,5.223145287480468,35.75795323627227,51.550091658106346,50.929162217259396,66.10577414554434,4.800865833188056,0.8359906848650008,6.722936816,9.574436562991504,0,0,0,0
1,21.087157395020448,6114.195090961815,6.146586654,34.149748374687064,52.41098582895971,46.73193842545184,65.35842173191043,5.019238915454651,3.763178135104156,3.657493400712736,0.017145111609946362,0,0,0,0
1,21.676103633545296,6616.105172055986,5.735474774588146,30.368966262924978,50.49867705682203,45.36334295254944,65.72338518693034,3.201656769308865,7.795603568838833,1.3806214750036179,4.199394962426685,0,0,0,0
1,20.34921112329256,6362.139074787262,4.818640323399998,34.67020053397718,50.53460822579597,45.87075361829432,65.60539903,7.296461689416056,3.3538398088470367,8.834879093924659,2.4694096494353266,0,0,0,0
1,21.58517356009294,6704.358852854335,5.189013514406261,35.22183156576332,50.798281411280705,49.487448999601845,66.03075510794895,4.249471580423694,8.561383254427477,2.447264588895199,7.829246194900894,0,0,0,0
1,21.812335404907746,5926.310697,4.7114351472220894,31.692993955864274,55.28557979,48.18974047532607,65.94108075720249,8.498228893478283,6.420109155619514,7.017607920726151,9.409693486,0,0,0,0
1,20.69779823101789,6575.744358544715,5.780818695690481,29.313038868593534,54.38448833518325,48.27548638402825,64.32833231003154,9.910153928374644,1.8916100531966444,4.222696064563197,2.781298720320086,0,0,0,0
1,21.20100272284504,6552.739793026325,5.4848031317575066,35.759689345636495,55.383839418743044,45.291108515696216,65.09707320768894,1.512566368338375,8.621923709421806,6.910111930106721,3.046240411934539,0,0,0,0
1,21.53066188404972,6626.314090264542,5.615976385622554,29.911775049048796,50.11270915,49.68465994441219,63.27152306824196,2.140967587041719,8.875735227404869,3.5152399704562134,3.448188075330193,0,0,0,0
1,20.472819410045535,6685.638986731345,4.9554940389993805,31.705287460571626,55.743859476782575,45.18460362360245,63.58693988,2.9120221100354127,1.1935155196063412,3.8454819493190655,0.7507784522900018,0,0,0,0
1,20.694173048403293,6217.882707,5.890613091342582,30.012145409235504,52.94525286194207,48.34920019,64.40167852217452,1.421941095672441,4.819591493,9.781139234945707,3.9685246718721623,0,0,0,0
1,20.836219415310033,6639.211458191778,5.4382658145355895,30.483010737398864,55.59232175619649,45.013603964381964,64.49299853400497,4.222524663587656,5.932114726003794,8.200066947095006,4.442995632,0,0,0,0
1,20.772457149651522,6581.451137759424,6.112402393344402,35.01606276606398,54.704164508643544,49.24665919719218,65.58774045361427,4.727817281261358,1.4985226580641797,2.240862720071112,7.9864367660983495,0,0,0,0
1,20.773795932164866,6197.165276632544,5.271888537378349,35.301885938622874,55.93161107156115,48.822458272372046,63.87308578347771,6.1988299859142035,3.725989056674166,1.327054574010266,6.413206253784077,0,0,0,0
1,21.50273138369135,6330.263432949146,5.512460584497792,34.90614302565477,51.730179600213965,50.51978578,63.61763117746264,5.337581076045285,6.295686701562121,9.056206840490987,5.228445733982026,0,0,0,0
1,20.51965143636287,6303.170090486128,4.872563943855806,32.67110169864776,52.74159410474631,45.42006814621308,63.27522003691115,0.26310995304933305,5.719710399072848,9.650915116,9.691039153345097,0,0,0,0
1,21.214982625373114,6099.708683978887,5.800264696140051,35.32716482070254,55.19196128896082,49.166922167444206,63.21139868476791,0.33111677261149386,5.901938389741351,3.254102684203448,7.229350450527418,0,0,0,0
1,21.651246100855193,6258.9243818082605,4.776124153785385,34.26508802262518,55.87838869479935,49.30369429167786,63.77492347614678,0.26951173878836054,7.262772448156234,8.973648264270839,0.491032023,0,0,0,0
1,21.753430743387803,6077.576078947894,6.133138570754361,34.710846540288614,52.43459815049843,46.74571970861742,63.74338146914219,5.2299042273073955,4.491876147456407,6.404948432378455,9.554997459848844,0,0,0,0
1,21.91652860062165,6306.647621434097,5.892905618794586,35.95691197430077,54.585238719716244,47.15215273896957,65.72467587,6.4726203602064984,3.2659067306393026,9.801489549166405,1.7936257528307353,0,0,0,0
1,20.46585180070554,6052.227025678607,4.671732544394265,29.3579544,51.724823429647344,50.396406313140375,65.63172131625967,4.476842931425279,7.610986034874184,7.189639379853585,0.26450536409148073,0,0,0,0
1,20.62601562651439,6665.158725389107,5.291867417682796,30.767551702588154,55.909158513301044,49.59205051382945,65.51461033824478,7.202469248284685,3.7442386708904234,3.4334882830796523,3.4455989308381807,0,0,0,0
1,21.464319775017724,6499.077603934345,6.144235505116249,36.076613264371915,54.888970489882865,46.05317419431226,64.90704088,6.12330383,4.048561651071678,8.628829781918345,6.660196031061556,0,0,0,0
1,21.99247228367957,6718.1418712341365,5.824561607106409,30.400637653686985,51.76739147458194,48.34525803089755,64.56498316986534,2.8609633966150683,5.644397634557893,6.662227884958104,0.5120535026564654,0,0,0,0
1,20.350810981996414,6661.012371,4.885227662619411,34.16614327,52.95738056,49.15884297767568,64.57840928844038,3.269088465199429,3.004894813582653,4.069660122129519,6.097287915334403,0,0,0,0
1,20.251115398965833,6325.980360139267,6.125720481659638,33.72867480714498,54.511278938446765,46.190148672385384,65.57210383463621,8.008692729083918,7.024649758011815,6.443923534938364,7.636437312715644,0,0,0,0
1,20.506863237797486,6467.337320841001,5.969127244145989,34.77900865810828,54.21657344250134,50.735797911014025,63.853834136991864,4.476869529,4.275250152102742,3.8120147842053864,1.2682433691214945,0,0,0,0
1,20.45792890910608,6664.294159867739,5.589756097705508,30.73981860270718,55.04736790451638,50.34268735888204,63.26117804591849,4.158284256,7.905899040810664,7.692836659442725,4.904782055204594,0,0,0,0
1,20.671480114308192,5951.983405860559,5.0872646503761505,35.67542090040159,50.29591089758638,45.45247856165707,64.93509623079774,5.995007377194606,1.5653701172756955,7.896838797,4.318330578846508,0,0,0,0
1,20.193471746815703,6184.631015683772,5.122076152843247,29.516910773179678,54.72488168068021,49.17850414961568,65.50687587,8.926982810305942,8.961446881637793,2.052853979680512,6.498370547708806,0,0,0,0
1,21.141729503517446,6118.184793743279,5.531572951394912,35.26947430142147,53.367198780920276,49.78289286908927,65.67329090980014,1.3281363595462647,7.989376669266554,4.162660606355706,8.959251989435497,0,0,0,0
1,20.43886939497043,6415.457613361643,4.650081419966144,34.93197909115439,50.45864800433848,48.72219569992639,65.66168209256698,3.882781459201201,7.235527638676573,4.4379229431611815,7.283374713777782,0,0,0,0
1,20.390008819184327,6085.411380173242,5.129869954343787,29.09161587690187,50.77943322187637,49.28296215540477,63.698913064466716,0.5578643029161501,5.823490976202182,7.556675257020473,2.917037156971738,0,0,0,0
1,20.728843811671684,6648.0995933628055,5.181487927102497,32.15019653052702,55.49344043616894,49.81639533,65.59488493348616,7.975012442994069,7.067689686019772,6.362728321909865,6.040839909773652,0,0,0,0
1,20.196517832548164,6701.882804192303,5.783153791975125,29.73859926343532,54.77355096035218,46.88122916327345,66.05801396730342,6.541052970527151,7.1465014772207445,8.423191285352994,7.286583823643786,0,0,0,0
1,20.94193745828429,6518.870150786759,4.848029936,31.44774798037946,50.423538108289016,47.35882986812967,65.08204339,7.811008403391831,3.4260040159750917,5.677646829568056,9.827891828411245,0,0,0,0
1,21.534202424573998,6339.299900112184,4.750586441114019,31.006406766715664,53.65820716513051,46.69782604350723,63.972625976559556,7.510096766623945,2.674624446730675,4.039929771803589,4.280652942059559,0,0,0,0
1,20.203456124278706,6326.809805366062,5.1203296330534736,34.35333195509567,50.962866944424995,49.178193021581315,65.07497946650385,9.967747304,1.2187390388493946,3.1479127938209235,1.850693057983538,0,0,0,0
1,21.63282271013979,6558.6856399722365,6.170993873874434,31.05049902524513,51.93002083,49.604806382061646,63.20126415949764,2.7099066009368777,8.148395643706083,5.236711705152871,4.9106742096372615,0,0,0,0
1,21.12454619831236,6515.587159371409,4.9060111696038025,34.35464735396597,52.39163584050624,50.21881737069704,64.64645701801818,1.6109520841784097,8.711590392849216,6.409435238378464,2.6809774103456463,0,0,0,0
1,21.207880023304696,6077.962692628698,4.845504751966055,31.881612492100036,50.030403069523175,49.531597032925205,64.36176177577987,3.312676433432613,7.135089060428677,8.99216825,9.102955074907698,0,0,0,0
1,20.818647236389054,5954.573385068112,6.147354704,34.56389863842329,55.643889309617606,50.78736635399421,64.50894298228062,3.5568798925856706,0.2661950832963951,8.838369717955075,7.461535215094942,0,0,0,0
1,20.830379339464834,6195.290790184249,4.6580114150078415,33.57217444669902,53.03242237665053,45.21566213711554,64.97692202539984,3.522753351825277,3.9544965590537795,7.363782573,9.620538816318039,0,0,0,0
1,20.684558687103824,6510.3171178905195,6.179778503831571,36.20510194147218,51.13262687744968,50.88822870232545,64.38234513956732,0.03793208,6.910699366698099,5.419125185135392,9.051880590556241,0,0,0,0
1,21.457386675005278,6586.504784187926,4.647366598181683,29.784598817329094,52.61490303277003,47.881294566847316,63.27227106411239,2.3284251605035577,4.1000880631822865,1.4977860256086577,6.0823093886208355,0,0,0,0
1,20.388688254863318,6156.434889024109,5.1829020491008855,30.26184162424612,55.71012907218829,45.526306434175076,66.04182961131112,7.587273491691457,0.14750372721966498,3.744682415865088,9.814419009843505,0,0,0,0
1,20.74027005803417,5974.974934159888,4.636605630347568,32.07375301423209,54.31441842706766,45.46347870187636,65.17232869754332,6.855387609054223,1.6651585916734302,5.695600893739259,3.605210714357303,0,0,0,0
1,21.821551957680057,6398.2283237272195,5.069319606849166,34.10037979844424,55.91929303,46.63813611166858,64.56415740971315,5.726108232028246,2.011065041968772,5.440101306315169,2.2271508036806944,0,0,0,0
1,20.578930176621625,6565.152389526468,4.686546486885105,33.91330280088779,53.73411239824178,49.27539147,63.73238825537279,2.6663267757508855,6.899301332771374,6.333348505052031,9.149102271905969,0,0,0,0
1,20.13111047600614,6162.212482608371,5.197426878200327,34.818719128443945,50.26825665889311,50.85866305527707,64.65706363409132,8.492780528754803,7.967424889091432,3.0961095737177025,0.9518046616009534,0,0,0,0
1,20.952561414783897,6514.105593893821,5.496054614,33.58955119838305,50.43913364307364,47.213660029322874,64.05516556919353,2.9787031098950365,8.295246032844565,9.257944170255941,5.828245730678921,0,0,0,0
1,20.94171274128309,6133.295630610397,5.208212226509884,34.18047201106332,52.11708170384325,50.824777589547125,64.75114724531339,3.5912383233298364,5.631070557088626,1.5453379501046691,9.604511033867654,0,0,0,0
1,20.18292263,6266.214785921376,5.478685342008574,31.27184632587844,55.62000215084083,45.12361751282796,65.24707085158585,8.414857332598455,5.9457263495575985,7.229453987616107,2.5473133862199013,0,0,0,0
1,20.485226503202668,6034.555461786184,6.133305815704534,31.21414343687987,50.838553918556705,46.43098317124336,65.70371978673276,2.299321192054621,3.2800369737114936,4.283750904911513,4.8081303230410954,0,0,0,0
1,21.082893775565218,6692.1804202653875,5.578916962136427,35.38715121076638,55.509742110970784,49.26520207284819,66.09008640901096,2.738425093229896,4.036856127554551,3.1574592766249485,9.49724127,0,0,0,0
1,20.729717368861305,6473.215875603663,5.837064171952953,31.640460075674852,51.772007720481604,49.572116619427234,65.19301190787964,2.8879284679545814,8.379174110515455,8.067848516,2.1073084022796698,0,0,0,0
1,21.45039991280613,6307.838521801697,4.623683059090209,36.397126584214874,55.04751660774893,49.39413706955638,64.01078492148321,5.933138147073699,8.241667753,6.121717636747698,2.425963924,0,0,0,0
1,21.87650796322096,6027.195569221698,5.422750778736542,35.12701494227339,54.798640745104336,49.13588849,64.75034361654026,0.11564969386332224,2.197319887212428,4.541022496705812,0.15634368810828358,0,0,0,0
1,20.95152468511199,5962.293646426928,5.53505352,33.709498010421186,55.98569354026365,45.90812481521345,64.70045175333368,0.5703544985586229,4.594715749633893,6.385471008685603,7.649397544617669,0,0,0,0
1,20.45138844656187,6644.312618872824,4.835379294923731,34.04851732201013,52.29862353458535,45.24253931146928,65.41427036356905,5.289672773917616,5.0758716541106725,7.586433809892109,2.3431437001687296,0,0,0,0
1,20.588715120135046,6201.615934061716,5.764130672393641,32.67178456976384,50.05725769327869,46.729431055916294,66.03389307,7.796960750077378,2.8199134745112233,5.901415543,7.534204362847222,0,0,0,0
1,21.757425569103802,6405.964004752385,5.721671821306078,35.498836706788744,50.05990763488683,48.197776937475474,63.19782749324944,5.975841558393878,6.732575143,3.7491060998710886,7.801686259217343,0,0,0,0
1,21.69387710121616,6445.991427528994,4.782528311566429,31.751721259786017,54.46342742342232,50.09994999,65.17001422795083,5.960592271769803,2.2998763420144837,5.815162258573718,3.1036919253634743,0,0,0,0
1,21.472754667783665,6224.538595895554,4.701730318947172,33.35943320249239,51.26281909329189,50.21812687634448,65.10710375055436,5.515931666748458,6.115764073856964,9.509795003735299,8.407682318502234,0,0,0,0
1,20.201162299415305,6039.080097844733,5.927008214531507,31.696530729609787,54.66931139458055,47.440944572457504,65.71091051168509,6.192948799676459,5.874759476023784,2.058749394113196,6.376245563691583,0,0,0,0
1,21.378540410239452,6089.748256281008,4.652514775959138,33.69896565378305,55.77206124007128,46.62116683674474,64.91315526653725,1.0402420723794692,5.2441590294176175,8.720055904095021,4.050643352887987,0,0,0,0
1,21.980795791269564,6651.668415840473,5.362255212388889,34.34890696453545,51.97819219310435,49.43494461555941,64.55531152630827,7.104945819472505,6.711830492385571,9.587229121131836,6.977062263122059,0,0,0,0
1,21.15755496159725,6604.174728701246,5.243640856619023,29.077564493846708,51.046524650433774,46.89611864142929,65.73878138,3.412170638057529,6.360731353707848,2.862468953765374,3.8816479090839984,0,0,0,0
1,20.221095494016264,6003.069632905413,5.3676226259282735,33.38409268259307,55.18627706977945,48.388504773016166,63.72235141931367,5.834180591974196,7.283024157886373,7.644526947361315,7.197750584410984,0,0,0,0
1,21.718966912881946,5935.343857098506,6.012128144763257,30.33726636123353,52.54769973970778,47.81808733189221,65.19898705,3.495112606840265,3.9830165761831813,7.566934976386635,6.229359545205403,0,0,0,0
1,21.27774063663714,6631.025044549854,5.455299465354717,36.10016383882933,51.55123121835922,46.96768228666885,65.81759328792623,5.4641587916594965,8.101556923188433,6.244450691081816,9.743716230441466,0,0,0,0
1,21.339241367594344,6121.894118434806,5.381647604,31.861064668932055,51.37661145452357,47.89890053021976,63.40850659112391,3.8361863337720683,3.633182620804603,6.712980224528963,6.7777371180624115,0,0,0,0
1,21.995524176483425,6524.205393103225,5.869428053533047,32.98303774747569,54.61589487805634,45.12530854798141,63.17632466490171,3.2685211584108744,4.797259339,9.890988715,6.375878034948723,0,0,0,0
1,20.824588454008136,6692.005456548138,4.867327209703686,32.52337285643969,53.33825646769729,47.34884925858874,63.740405816984484,8.461643706830008,6.1351569813382145,9.796409464057884,6.767315685729126,0,0,0,0
1,21.378884702643756,6040.368807097968,4.717250230325697,30.898229010988793,52.74215395692305,45.17734821,64.22798815708337,3.9312665033124574,2.4139688533584844,4.9971516314898095,0.8295749618518156,0,0,0,0
1,20.777191038799344,6662.756915339587,5.341509287,31.347192047931763,55.94374774923553,45.48773947733102,63.76819863136437,1.3220723161739345,3.9961112792022075,6.4580093615658685,7.982577400884679,0,0,0,0
1,20.20239855700576,6473.520544955501,4.854176845926225,35.03201343627816,50.47745345115754,46.74239599140877,64.15544100329045,0.5502744543101834,6.876589789,2.1195822906824793,6.364979476954183,0,0,0,0
1,21.16744300995271,6342.839396042455,5.1580292375797105,31.816515419179996,52.77200414119103,50.32567336190519,65.26733319223547,0.39388908436496783,0.2778446647927567,7.249117950138738,4.377893414751128,0,0,0,0
1,21.732500515322926,6262.053458242005,5.773430988975311,30.960263466846463,52.411479031289794,49.31750092882394,64.31480857062637,6.638951562,6.332225891654117,1.1394256952955981,3.8137901701290366,0,0,0,0
1,20.714918199105675,5985.042921707978,5.195387671249039,33.83521763369707,50.42417680111267,46.696756549217454,65.26460649725594,5.119968912092569,6.9186262281689155,2.7006121443364655,3.882173814958647,0,0,0,0
1,20.959090556457923,5969.922945194502,5.700396028741869,29.271193189241618,50.79972356916599,50.89502002179218,64.39983364244121,2.9232601426118707,6.544464421,9.922134846882225,4.026669321890481,0,0,0,0
1,20.877834282586086,6413.705862506842,6.068239326015538,31.76656150057074,55.054711085779864,49.901850756088756,64.32813295588556,0.6531720354409642,2.3788662942015186,1.6984289161891812,2.693479457144905,0,0,0,0
1,20.56649664210002,6045.580882089571,5.469217174082133,30.950246810809208,55.881810976110174,48.642546717190065,63.336497619704986,2.9544680138206267,7.337455920211819,1.3001344548998248,6.327004574709402,0,0,0,0
1,21.811692161685002,6546.182002373523,4.830159226621787,32.81023669484451,53.75077909828949,47.42811601859528,65.92895000930604,9.501173818278673,6.8358082562808224,7.169563823427619,1.261764622504491,0,0,0,0
1,20.531076329735484,6028.07,4.768297503162599,31.799596954897478,52.52672586,50.971937824916395,63.52358583,6.346143454268265,3.5252739147223178,3.9499186051162516,9.065449613341663,0,0,0,0
1,21.84362813572432,6555.402105247899,5.5337295344594875,30.138547786043468,52.391106052091374,47.44351546370448,64.07191930390105,7.801610529072835,4.071920809472889,2.202192539581854,7.294495527984536,0,0,0,0
1,20.784690535286185,5976.7154738524305,5.418053430572139,36.21951433575414,50.67290607082122,50.51961456030216,65.25175392553355,4.940876836843515,7.838928268047812,5.41925548,7.044859931989981,0,0,0,0
1,21.093041978511323,6395.508941412371,4.710430688812136,32.10513044235067,51.515687310645625,46.19055967802086,64.08921751173446,7.478483449,7.303132685115174,6.114367994052775,7.077864433808036,0,0,0,0
1,20.218208445007956,6131.6484962874665,4.9771505058868675,34.35822488795798,54.83458584098478,48.132439386057825,64.31417682947267,4.543423817,4.431850870920149,8.046656157783474,1.805428821508055,0,0,0,0
1,20.527549541713263,6226.695445260406,5.927085644198346,35.11164115983514,54.22061312864605,50.50978964982719,64.85329523498689,4.199768801585961,4.666674243,6.9584080878915175,2.384816495541876,0,0,0,0
1,21.006752762169313,6196.384346,5.876123614051777,30.027556483092194,52.76749704423383,46.14552014078773,63.78512897936246,5.341109865799446,0.006609326,4.738509785973105,3.9541949705403834,0,0,0,0
1,20.568233435739153,6573.318135152797,5.132597663604599,31.039393889071942,50.364053096997495,46.85799871848889,63.51060622,0.32884768145150844,1.6290524016627606,8.399600127397676,5.103748263645511,0,0,0,0
1,21.73319898122865,6189.092077304112,5.769478140069528,29.938821528716282,55.936379642067244,46.08091220034386,64.36742639064772,5.753784527853815,0.5046985766354088,7.488066031030158,0.3766792054928514,0,0,0,0
1,21.334857565354177,6166.2229925678985,5.174560228411757,29.126729057381645,50.427477315750316,50.46885146,63.74436059883571,8.055800122984191,7.123352180063823,6.144924468206728,2.0927958466693406,0,0,0,0
1,21.305797509106892,6532.328096280016,5.733435719372242,33.85573827235869,50.50225020122738,46.84705045,64.98181035315135,1.7006704612692225,3.133524280374374,9.912175244282246,0.8696440171334363,0,0,0,0
1,20.27613515553746,5972.311161594031,5.479559491,30.682496392597393,50.75643929986826,45.268130635228026,64.89417068,6.531167824897049,3.3854245220316934,3.2758098548913512,2.396925070387328,0,0,0,0
1,20.733815943897348,6064.307040896324,5.7659765386317625,33.86273844952026,53.562767354232285,48.830878690139706,65.58751944406835,3.4766918417239214,3.5533319400008323,7.020363360742862,5.644408043950195,0,0,0,0
1,21.983865911774135,6638.797490467688,5.172109590928677,34.71883679739376,50.033224767536794,45.52444037724469,65.29090618351925,5.660191394,3.5362664111408564,4.548954471828611,9.502233032701735,0,0,0,0
1,21.318447728781425,6519.644643768436,5.423994373543243,29.43443481209742,52.64841289040748,50.08004608653763,65.51067619516373,0.8490661826473422,8.916013726,4.112658022604402,7.3554838435844685,0,0,0,0
1,20.192840549739838,6079.036188578353,5.202281896867709,33.569456781232596,50.853907404428256,45.225958704340165,64.86648621178938,7.562203311328217,1.1370126023856586,2.1030610591669814,3.200117615961301,0,0,0,0
1,20.459356398533206,6075.581074129164,4.857395768,29.431338873582476,55.94451383775026,47.323614969695534,64.41679506938664,5.595834422011489,4.803927626501916,7.289714364697692,0.12679826478030565,0,0,0,0
1,20.407444906208116,6152.010614255941,5.844283618523033,29.969156876268066,54.478657990868356,45.08107726028107,65.75396478256049,7.478569750298404,5.139348980592073,3.843866939937922,2.2848350178733567,0,0,0,0
1,20.29958094693304,6582.993222325623,5.987725662603044,36.40865402790806,54.02131249566668,47.76160413300814,65.16573465431209,8.859484004882049,8.506762703375557,7.032856545956416,4.7861864488011125,0,0,0,0
1,20.703528927895686,6088.944985563699,5.834981372540097,31.624323819987904,54.38001646487476,45.33154918983906,64.44885697714223,6.297320939241987,6.761816049067623,6.971783824170732,3.270848898112717,0,0,0,0
1,20.14264962334007,6504.666372755928,5.4477980739279666,30.388607414828275,53.76308964809489,50.460441669876914,64.81169002213827,3.0005614626768584,7.309043412018901,5.723310826370553,3.246643790763674,0,0,0,0
1,20.78092074129269,6278.758921863973,5.602302472803846,32.00693864306345,50.05177157809096,49.001668308451656,65.63393409572606,8.613266358669275,7.499376223,6.9227643024169385,7.801059734899609,0,0,0,0
1,21.611806788351515,6647.891498538431,4.647543941745285,29.823645317100876,53.47101756838493,50.486000745252596,65.65057432497497,6.7108006512519935,1.6117846889385579,9.76014878,3.8105547564513276,0,0,0,0
1,20.67335590242632,6509.746032076032,5.747464868386331,29.25335105848751,52.01831963497799,47.982379523620295,63.21821612822294,7.764712267,4.28045569,8.051787492617365,2.127498702,0,0,0,0
1,21.55551293364396,6025.523619324239,5.882936702,32.47430011243228,55.04305447956149,46.70801765779202,63.50903247215754,6.535020304,4.1384065836237465,8.562354074240243,6.619887554327336,0,0,0,0
1,20.84391894311803,6434.473456908741,5.313766920923546,32.02501962850282,55.934973419542665,46.92317758,65.20670757504936,2.405162122048793,3.238925253971823,2.7924688732504928,9.953995609064831,0,0,0,0
1,21.557430339340687,6671.054811404881,6.095424246434055,30.009565301810465,50.667145466834995,48.830651080523594,64.20156176821848,6.392406413603994,5.631063938851536,9.436499825787807,9.262090826,0,0,0,0
1,21.382147659968627,6113.777588113066,5.385159606557477,32.96226267159347,53.42006137411049,45.951145620530305,65.78708529079582,1.306997100855124,3.6496925666226296,9.224060748994084,1.2994455810556504,0,0,0,0
1,21.687646020709852,6195.747333,5.256880345497511,33.44816386344125,50.252202418826755,47.74355056237792,64.59262189706041,3.364862187218929,5.278567161888233,7.379536069570351,6.606619523471556,0,0,0,0
1,21.099931622141444,6465.087952959916,4.638658475488986,30.678703907163694,54.51249892722978,47.47292224,65.27745048083806,4.543048938352108,2.228484536295709,4.727644150680104,6.0713203702183325,0,0,0,0
1,21.70879055809439,6111.965223119959,4.653391651990916,33.48734300818358,52.83905104949964,47.01660845158757,63.338033653357826,9.312491529334444,8.556282822038101,8.468210355081673,9.846336055184736,0,0,0,0
1,20.54302104106613,6711.3291146390775,5.289613599331788,30.079339984766712,54.68065840785954,49.53765091060628,65.64931156675765,1.9907727007250287,2.3895210664617927,9.305093065,5.267126612055829,0,0,0,0
1,21.951462749250396,6650.791756,5.147574846184079,30.222587774032338,51.87364181125349,48.155945405941274,64.65598569751228,5.355882917815398,5.437850254420807,9.617244131875905,0.40427481783624986,0,0,0,0
1,21.83093746109517,6583.302432069978,4.620375210297271,29.431844467775235,52.56323512720617,50.827841380157295,63.65558450014197,3.162688191,3.848280884984272,9.084243264918737,8.681816481510964,0,0,0,0
1,20.527941346560283,6360.834303604908,4.789860408,29.402049822492366,55.46373260647559,47.811450804975216,64.50146954234582,9.234915108009103,2.2853338306251127,1.9939886294005131,9.995786580681692,0,0,0,0
1,20.796216684362626,6553.920282645397,4.955424456801284,32.18066051205534,50.093194316133705,50.21761008595696,63.78851540690741,2.5343006601223217,6.814025957844723,4.246498555166612,9.248945657725324,0,0,0,0
1,20.623547697259596,5966.217203875544,5.912509470659473,34.11209842948499,50.65725045,49.182640919120416,65.04073388115674,0.7417354501284612,4.996742874976127,4.395034565560117,6.768517904254082,0,0,0,0
1,20.239239678742475,6324.204643811828,4.771824240798701,35.10998595720434,53.91790405152176,47.57077728981449,64.07412941763477,5.931831648058453,6.3103588938092825,8.379549598198704,7.4352573573804435,0,0,0,0
1,21.44877782428649,6286.694621520214,5.2524751553894955,31.75169276743541,51.751061952857455,49.67794005816591,64.07580827,9.554783827815168,3.3956437063496936,8.451549897229837,7.971916136423966,0,0,0,0
1,21.590172290642233,6136.968419,5.932398639425439,35.66879488131043,55.40203730773052,49.62338232374426,63.165104598815404,4.124791035365267,3.056056248581319,2.3886954998398346,5.5550972363280815,0,0,0,0
1,20.117494455971208,5960.935518097644,5.216154581,33.032624837279755,52.00555505267255,48.85496118085805,64.62117040411725,4.813997973673163,6.535157029502374,8.828533989123844,0.12399477985751584,0,0,0,0
1,20.387442894714162,6490.097278699719,5.281431540862567,33.331812665437376,54.06905579378187,48.662663607739695,65.07410222126907,7.747539632852027,4.464724046415451,1.1379981029414457,7.706386180711016,0,0,0,0
1,21.405730799843674,6720.215415058727,5.4317546050202345,36.56933630593674,55.97135169607831,50.406643233890776,66.10346211,4.1703992189395045,8.675929659099188,9.267664890365129,0.23140829805278207,0,0,0,0
1,20.950316434549233,6053.5707070952685,4.709630524935958,29.72463748475945,54.046811012802316,48.586532003740075,64.91304929216943,2.990642683333813,4.430227489580528,4.848008601355021,1.1867058012812437,0,0,0,0
1,21.60002347504263,6486.3253454061405,5.1503247592352785,34.07860107,55.706463043952226,47.954911925262465,65.38421522952132,2.4216654805619164,7.574664437,6.797183643744476,1.038130780998604,0,0,0,0
1,20.805895528581516,6178.979512319239,4.734284310706517,32.53637788516353,50.06614777522486,45.91188489519722,64.89029154,3.919450536421313,4.5310941851813675,2.5844053667362883,1.3732579999982142,0,0,0,0
1,21.78080001304378,6580.105151015054,5.946322326400934,32.85465813566477,50.615757440147114,49.72543981988294,63.54516819799985,6.867874125171392,8.147842669340282,8.541627034651103,7.686359604509743,0,0,0,0
1,21.55237339254548,6422.307921236683,5.114018800900196,35.43229894467506,51.915401811988936,46.29555209664921,63.74299991608891,8.193844843311258,7.540022418,3.784724389247994,7.137211264697452,0,0,0,0
1,21.27713667826263,6455.905534244545,5.287003649863138,34.132958056792006,54.96425946913321,47.18888660042766,66.06507349,2.805593594564162,5.690939282964314,5.921521643661147,7.5240581356765155,0,0,0,0
1,21.12523036894222,5947.326011874634,4.676996156898765,36.16246284320688,55.48371178944646,45.630722299892284,64.24495260760008,0.20533931538964323,7.353998809804738,3.4110777830097327,8.869594900256066,0,0,0,0
1,20.598124533626976,6701.009594166414,5.351077379509298,30.991434343244393,51.131520174341176,46.956896243529485,64.21119784435841,0.9902555991116835,6.6794738295221645,9.637317936806252,4.480434079987027,0,0,0,0
1,21.489179842247133,6468.805621082499,5.231458891,29.969275171425043,51.33647483959466,50.816198727012846,64.20640513331007,0.3280125546756907,4.521634738919304,1.0419744495079613,3.687720684706983,0,0,0,0
1,21.398800518096884,6237.289026314222,5.212609967,36.251067033030544,53.49957923820905,46.83095673355764,65.62839047,7.513382519252458,7.038364889489816,2.460011086289562,8.010671415821463,0,0,0,0
1,21.515737809557343,6146.697490212062,5.341919240656217,30.45555338,54.59189733346777,46.45051736,64.50353152537336,2.1802655524294687,3.4120944450313693,3.8691772111414613,9.139098105643326,0,0,0,0
1,20.45704845,6706.081246821641,4.979141281169787,33.44846394191697,54.64481561013977,48.45643683455933,64.94412782632558,4.052518737,4.532001360625956,7.503877188219487,7.903160089395903,0,0,0,0
1,21.941198955046527,6594.669342980712,5.052150275209396,29.10916696765056,52.83420689228562,48.93095063874269,65.78829998,0.017940458,0.3849730425896992,7.196102700537809,5.540711183645575,0,0,0,0
1,20.355616456912266,6104.121283004453,5.794655203486775,35.671494529641414,51.54816830617743,49.217058365818936,64.58400708357078,9.675240279114062,8.822577873349461,5.824543435288001,8.189096626503833,0,0,0,0
1,20.353682493192274,6189.695019234587,5.931691781959557,32.17889350685936,52.79631728670658,49.451567094357834,64.94339410932993,9.439457292430397,5.828259933,5.635474284152891,5.551043405458037,0,0,0,0
1,21.685145118966556,6500.826808872501,5.562860482,31.616515300170228,51.799951683535475,49.93468546,63.59314842662502,1.4677084053789125,5.7792125161609516,3.756654538330803,2.373145306694645,0,0,0,0
1,21.91783725513966,6584.422735383522,4.818232435663245,29.808604618727742,53.324344993795656,47.52626786544168,64.222953,1.178059709,7.312236556075261,8.008780927,9.609400270956538,0,0,0,0
1,21.961522275119275,6106.111565724413,5.177429860464969,36.201938432976824,54.16623946433536,46.718895062115216,63.47438672448468,8.156469885489933,8.393237532355208,8.054369462154328,0.41896687870417004,0,0,0,0
1,20.579832709695435,6292.476577184708,4.956364379444808,31.09893396,51.74703390402577,45.00531507751523,65.82001024885147,4.651856125850688,4.024094856421302,6.394922656907614,0.8774683923703963,0,0,0,0
1,21.541624427561526,6622.637016962844,6.031265438380291,34.65767898,50.444514797750884,46.70225721712739,64.46489490106178,1.7595866349280131,4.366253483029437,9.253049622051668,7.179803762429527,0,0,0,0
1,21.82925102822585,5978.561109609298,4.829874475120747,33.23494372723065,55.33297243,49.946326307064304,64.95067725,8.236615724626915,6.875491927779779,5.393354076490948,6.677567326900855,0,0,0,0
1,21.25400063,6246.068684318101,5.262155216532831,33.41443301310926,53.72277884218272,48.176773761361694,63.993636310329265,5.060404345,4.168356556235118,2.4956713874946166,9.284497469080778,0,0,0,0
1,20.574541161257375,6570.576983753617,5.389934828234193,31.97503601,54.629642526467165,50.80056148633983,63.35628534100646,8.268032242,2.4422912361621614,2.339930777023131,9.636634179168032,0,0,0,0
1,21.248309950655134,6058.262784194529,4.748335348424585,30.728737338747624,50.82186186114385,49.493206970919374,65.80267911614922,0.5599252218082718,3.6535894044797463,2.720035385,1.2525414034107796,0,0,0,0
1,20.098384831114714,6510.231583505386,5.7099561837000286,33.78653322,54.32315908723891,47.11755791890566,63.80179460357633,7.930088012058851,7.456349614052678,7.712157405644768,8.494716638,0,0,0,0
1,20.274916831368067,6475.746843992559,5.760030901372195,31.21222126506587,52.75486302357757,50.89945043,64.95965147569946,0.32709240949157836,0.5153880531378117,8.549687221575706,0.4034995534131758,0,0,0,0
1,20.122069816476703,6597.6936991101265,5.678683640409026,35.928407327141976,55.764238621095146,45.545607735416006,63.613030190171855,3.3842005124028027,4.359558422920467,2.7286140420747205,9.220382565743844,0,0,0,0
1,21.57806858714148,6716.4114830106555,5.167426764382825,32.06668215350814,53.92007830870468,48.580125053001886,65.22009739651836,2.683287869291713,0.4046282638499482,7.977687642622292,8.320473448,0,0,0,0
1,21.382618688263758,5988.800333579933,5.765120190716491,29.63315938504373,55.01376545388975,46.69823766,63.89543895328028,9.168160558925383,2.0175869414780796,4.580929090586457,9.990548935956431,0,0,0,0
1,20.116957093656193,6666.064978537115,5.742701655242293,36.031197345766834,52.79835437147401,50.473669610293285,63.66005934753308,2.795390000580089,1.324725738326824,1.0150588048181093,0.5272807100312948,0,0,0,0
1,21.43368835530347,6424.612177794705,5.980974881230658,29.97768942888193,54.74418749089913,46.63830194107199,65.13231197081953,5.956838101102502,7.340249989565524,9.541735663378994,9.359735473840312,0,0,0,0
1,21.33006829,6132.832394,5.734241025718255,30.84324352859733,51.95390626613247,48.64553539828378,64.99711716614252,1.746858647364894,5.925293350672944,9.916123581386401,6.117841535,0,0,0,0
1,20.795210219011825,6572.7157766449145,6.092288070709458,32.787528666797705,50.86095182,45.31451257588429,65.73350615939937,7.270873774518312,3.7484135387832076,7.102088460147501,1.2507485707714994,0,0,0,0
1,20.425913129336404,6268.118417216913,4.639497320107837,36.342907926614544,52.60365706561415,48.490141047615964,64.82567713774583,8.112393082188557,7.749670057333959,9.139302357779998,2.2321893559840653,0,0,0,0
1,20.732976713282053,5984.085381747173,5.707424908,33.82673434841736,55.83515322110092,45.80993094687084,64.33864533028994,7.341090253379735,0.9655675722238826,4.473656322258782,8.325326316884354,0,0,0,0
1,21.89918356497634,6353.924815437285,5.728008233862331,35.51069222028488,54.43022864,50.332589338703016,64.93060180062511,8.061805158709355,4.1651587991223735,1.944774717157393,3.2438770514614124,0,0,0,0
1,20.03524000230555,6532.375312321457,5.211465639,32.82839444600424,53.25667267490442,49.827398567254804,63.37870741685655,6.881496302570077,5.132955565900611,2.5727508470826526,2.6700556778183246,0,0,0,0
1,21.2398394,6575.743870529391,4.682482409377652,32.284132683903024,51.48242561971641,46.348035370522155,65.41662763,5.141155275649575,7.328235362012263,1.2374427025850205,9.684292505257336,0,0,0,0
1,20.641969310349065,6130.861302105516,5.293583027340427,29.214042544858764,53.72411158386975,47.01072854115841,63.14287580213022,6.318865825021777,3.0322187742807976,2.903738200961015,2.1433756333005647,0,0,0,0
1,20.26670994018425,6018.4327430959265,5.915796185060202,34.63626025094003,54.846778427210374,49.260741116707976,65.02756991,0.6539406741007914,4.304194363,8.028314554709782,4.650282710425254,0,0,0,0
1,20.502521683641294,6379.254324045528,5.278921281920664,30.40187967842023,54.06783193389025,45.909856405462335,65.70648637137272,0.5182717046607566,2.909952799632173,6.166100703841306,0.14882850620944632,0,0,0,0
1,20.28967802097237,6513.697673661378,5.020308425845444,36.49999896787845,53.767645486460104,45.01841280249938,64.40547422756491,5.195048412,8.590070573005848,6.505919656383638,9.313547679674356,0,0,0,0
1,21.805922104228927,6649.266803094009,5.097156317993505,32.90088598327645,52.3060853,46.92720112803853,64.31597974093364,5.535861839308172,1.6778571650760092,5.689584976,6.537172100823364,0,0,0,0
1,21.360985426532203,6665.312811730044,5.653111734349066,36.349112117389566,50.54484227455638,46.594578819685744,63.20008193474319,4.723734314519755,7.861534647297149,4.073771772508605,7.250797535097582,0,0,0,0
1,20.695142099365196,6321.346361,6.027485045096286,32.176713864153335,55.21764805505284,45.25693375560556,63.798299463342715,1.4223495392727137,2.077705448141972,8.477235454727506,4.709241515101288,0,0,0,0
1,21.989014860489238,6142.931409714932,5.663952429832685,34.02962557980475,55.89177273,47.082165468301305,64.29983433504566,7.659244686,0.6937431029671817,1.7524520116704956,5.243956467320631,0,0,0,0
1,21.34873172380544,6250.097120522282,5.025193288315041,33.67826665755276,53.92920693842085,49.31515173009366,65.80336982,9.068646968437104,6.795540834936917,7.706847676017555,3.5546024858042244,0,0,0,0
1,21.89871351074088,6638.906973293727,6.163840150816289,34.52089045047957,54.34791600319835,45.46273648200557,63.28414237645439,5.814446393,7.827702644458256,4.248452711367378,6.709970454,0,0,0,0
1,20.14344732,6105.200651820843,5.954142570033046,34.65608852609108,50.927192294539736,45.104736010707775,64.47473138402778,4.111672258335028,5.5935454322916796,1.7996226090817364,9.366560000534106,0,0,0,0
1,20.94425562110095,6327.350726987017,5.304442946443165,29.799623077983117,50.25222031586719,47.40688710370397,65.09821510406562,4.992430104,7.454336382879866,9.194700195792162,8.924379211,0,0,0,0
1,20.515219906167292,6013.3584728704245,5.167650590615539,33.54287734037345,50.164722284167695,48.42078384566364,66.01472880758982,6.661086518121105,1.4254094994982984,3.2332343274311164,8.889747960759916,0,0,0,0
1,21.297941429814774,6053.512410747482,4.776840383217799,33.735698228425356,55.64376113131432,47.19374123103006,65.82218659607564,4.004835954891375,6.386432495347924,3.2384421026114643,7.491955386948438,0,0,0,0
1,20.096882108653688,6034.493518647199,5.517942589669816,30.663798698175682,54.95113882693586,45.437393347677386,64.50388391344362,1.0929639596615226,6.290506613602814,4.162123392,1.7226908940027097,0,0,0,0
1,20.227256049146234,6481.050282940243,5.670295864739657,29.20113201762266,54.62677969717157,46.631984983608305,63.56910198616185,1.970264236,6.592692723880445,3.0827733032696725,6.431663403443747,0,0,0,0
1,21.35244766019341,6522.570269867699,5.701182294332445,34.145276220793704,54.51599853745482,49.10884707857725,63.33883218607598,7.026971184181624,6.518225128539508,5.346641338443959,2.250527774967337,0,0,0,0
1,20.606837689004575,6383.919719333007,5.147596870012836,35.12297934062359,54.720403039982045,48.704634571805215,65.39542323134036,9.198165603067158,5.191805760613281,5.495292482927644,1.9606056432602526,0,0,0,0
1,21.215412988029563,6700.8840884238425,4.641434254365434,33.87649914720173,55.32048458897785,47.75588674449092,65.27734552783383,8.946322109276416,1.4170986254025681,3.426952541412902,1.2098329688436504,0,0,0,0
1,21.784683140764052,6622.715393843875,6.163869243949836,31.655126643057823,50.92567208140912,50.754387845889326,63.554504561098206,1.9269118970094457,5.541295672060427,9.834557904580569,1.922611356120828,0,0,0,0
1,21.645979851656566,6377.458066007168,5.058911779964989,34.75261216053896,53.835059829208575,48.61466327755521,63.53027772204451,4.056557012732861,3.752144802,1.3703035308209495,7.259538780743828,0,0,0,0
1,20.28929655647433,6335.382466653318,5.790233905953876,34.775770897114626,52.70514037274478,47.047117960992054,63.34068259,2.800009670001311,8.647857941618192,9.467751769,2.1667422772810054,0,0,0,0
